# MagicaVoxel @ Ephtracy

# group
o 

# material
mtllib flowers.mtl
usemtl palette

# normals
vn -1 0 0
vn 1 0 0
vn 0 0 1
vn 0 0 -1
vn 0 -1 0
vn 0 1 0

# texcoords
vt 0.271484 0.5
vt 0.408203 0.5
vt 0.537109 0.5
vt 0.654297 0.5
vt 0.677734 0.5
vt 0.728516 0.5

# verts
v -1 0 2
v -1 0 -2
v -1 0.1 2
v -1 0.1 1.9
v -1 0.1 1.8
v -1 0.1 1.6
v -1 0.1 1.5
v -1 0.1 1.3
v -1 0.1 1.2
v -1 0.1 1
v -1 0.1 0.9
v -1 0.1 0.7
v -1 0.1 0.6
v -1 0.1 0.4
v -1 0.1 0.3
v -1 0.1 0.0999999
v -1 0.1 -2.38419e-07
v -1 0.1 -0.2
v -1 0.1 -0.3
v -1 0.1 -0.5
v -1 0.1 -0.6
v -1 0.1 -0.8
v -1 0.1 -0.9
v -1 0.1 -1.1
v -1 0.1 -1.2
v -1 0.1 -1.4
v -1 0.1 -1.5
v -1 0.1 -1.7
v -1 0.1 -1.8
v -1 0.1 -2
v -1 0.2 2
v -1 0.2 1.9
v -1 0.2 1.8
v -1 0.2 1.6
v -1 0.2 1.5
v -1 0.2 1.3
v -1 0.2 1.2
v -1 0.2 1
v -1 0.2 0.9
v -1 0.2 0.7
v -1 0.2 0.6
v -1 0.2 0.4
v -1 0.2 0.3
v -1 0.2 0.0999999
v -1 0.2 -2.38419e-07
v -1 0.2 -0.2
v -1 0.2 -0.3
v -1 0.2 -0.5
v -1 0.2 -0.6
v -1 0.2 -0.8
v -1 0.2 -0.9
v -1 0.2 -1.1
v -1 0.2 -1.2
v -1 0.2 -1.4
v -1 0.2 -1.5
v -1 0.2 -1.7
v -1 0.2 -1.8
v -1 0.2 -2
v -1 0.3 2
v -1 0.3 1.9
v -1 0.3 1.8
v -1 0.3 1.6
v -1 0.3 1.5
v -1 0.3 1.3
v -1 0.3 1.2
v -1 0.3 1
v -1 0.3 0.9
v -1 0.3 0.7
v -1 0.3 0.6
v -1 0.3 0.4
v -1 0.3 0.3
v -1 0.3 0.0999999
v -1 0.3 -2.38419e-07
v -1 0.3 -0.2
v -1 0.3 -0.3
v -1 0.3 -0.5
v -1 0.3 -0.6
v -1 0.3 -0.8
v -1 0.3 -0.9
v -1 0.3 -1.1
v -1 0.3 -1.2
v -1 0.3 -1.4
v -1 0.3 -1.5
v -1 0.3 -1.7
v -1 0.3 -1.8
v -1 0.3 -2
v -1 0.5 2
v -1 0.5 1.9
v -1 0.5 1.8
v -1 0.5 1.6
v -1 0.5 1.5
v -1 0.5 1.3
v -1 0.5 1.2
v -1 0.5 1
v -1 0.5 0.9
v -1 0.5 0.7
v -1 0.5 0.6
v -1 0.5 0.4
v -1 0.5 0.3
v -1 0.5 0.0999999
v -1 0.5 -2.38419e-07
v -1 0.5 -0.2
v -1 0.5 -0.3
v -1 0.5 -0.5
v -1 0.5 -0.6
v -1 0.5 -0.8
v -1 0.5 -0.9
v -1 0.5 -1.1
v -1 0.5 -1.2
v -1 0.5 -1.4
v -1 0.5 -1.5
v -1 0.5 -1.7
v -1 0.5 -1.8
v -1 0.5 -2
v -1 0.6 2
v -1 0.6 1.9
v -1 0.6 1.8
v -1 0.6 1.6
v -1 0.6 1.5
v -1 0.6 1.3
v -1 0.6 1.2
v -1 0.6 1
v -1 0.6 0.9
v -1 0.6 0.7
v -1 0.6 0.6
v -1 0.6 0.4
v -1 0.6 0.3
v -1 0.6 0.0999999
v -1 0.6 -2.38419e-07
v -1 0.6 -0.2
v -1 0.6 -0.3
v -1 0.6 -0.5
v -1 0.6 -0.6
v -1 0.6 -0.8
v -1 0.6 -0.9
v -1 0.6 -1.1
v -1 0.6 -1.2
v -1 0.6 -1.4
v -1 0.6 -1.5
v -1 0.6 -1.7
v -1 0.6 -1.8
v -1 0.6 -2
v -1 0.7 1.9
v -1 0.7 1.8
v -1 0.7 1.3
v -1 0.7 1.2
v -1 0.7 0.7
v -1 0.7 0.6
v -1 0.7 0.0999999
v -1 0.7 -2.38419e-07
v -1 0.7 -0.5
v -1 0.7 -0.6
v -1 0.7 -1.1
v -1 0.7 -1.2
v -1 0.7 -1.7
v -1 0.7 -1.8
v -1 0.8 1.6
v -1 0.8 1.5
v -1 0.8 1
v -1 0.8 0.9
v -1 0.8 0.4
v -1 0.8 0.3
v -1 0.8 -0.2
v -1 0.8 -0.3
v -1 0.8 -0.8
v -1 0.8 -0.9
v -1 0.8 -1.4
v -1 0.8 -1.5
v -0.9 0.1 1.8
v -0.9 0.1 1.6
v -0.9 0.1 1.5
v -0.9 0.1 1.3
v -0.9 0.1 1.2
v -0.9 0.1 1
v -0.9 0.1 0.9
v -0.9 0.1 0.7
v -0.9 0.1 0.6
v -0.9 0.1 0.4
v -0.9 0.1 0.3
v -0.9 0.1 0.0999999
v -0.9 0.1 -2.38419e-07
v -0.9 0.1 -0.2
v -0.9 0.1 -0.3
v -0.9 0.1 -0.5
v -0.9 0.1 -0.6
v -0.9 0.1 -0.8
v -0.9 0.1 -0.9
v -0.9 0.1 -1.1
v -0.9 0.1 -1.2
v -0.9 0.1 -1.4
v -0.9 0.1 -1.5
v -0.9 0.1 -1.7
v -0.9 0.1 -1.8
v -0.9 0.1 -1.9
v -0.9 0.2 1.8
v -0.9 0.2 1.6
v -0.9 0.2 1.5
v -0.9 0.2 1.3
v -0.9 0.2 1.2
v -0.9 0.2 1
v -0.9 0.2 0.9
v -0.9 0.2 0.7
v -0.9 0.2 0.6
v -0.9 0.2 0.4
v -0.9 0.2 0.3
v -0.9 0.2 0.0999999
v -0.9 0.2 -2.38419e-07
v -0.9 0.2 -0.2
v -0.9 0.2 -0.3
v -0.9 0.2 -0.5
v -0.9 0.2 -0.6
v -0.9 0.2 -0.8
v -0.9 0.2 -0.9
v -0.9 0.2 -1.1
v -0.9 0.2 -1.2
v -0.9 0.2 -1.4
v -0.9 0.2 -1.5
v -0.9 0.2 -1.7
v -0.9 0.2 -1.8
v -0.9 0.2 -1.9
v -0.9 0.3 1.8
v -0.9 0.3 1.6
v -0.9 0.3 1.5
v -0.9 0.3 1.3
v -0.9 0.3 1.2
v -0.9 0.3 1
v -0.9 0.3 0.9
v -0.9 0.3 0.7
v -0.9 0.3 0.6
v -0.9 0.3 0.4
v -0.9 0.3 0.3
v -0.9 0.3 0.0999999
v -0.9 0.3 -2.38419e-07
v -0.9 0.3 -0.2
v -0.9 0.3 -0.3
v -0.9 0.3 -0.5
v -0.9 0.3 -0.6
v -0.9 0.3 -0.8
v -0.9 0.3 -0.9
v -0.9 0.3 -1.1
v -0.9 0.3 -1.2
v -0.9 0.3 -1.4
v -0.9 0.3 -1.5
v -0.9 0.3 -1.7
v -0.9 0.3 -1.8
v -0.9 0.3 -1.9
v -0.9 0.4 1.8
v -0.9 0.4 1.6
v -0.9 0.4 1.5
v -0.9 0.4 1.3
v -0.9 0.4 1.2
v -0.9 0.4 1
v -0.9 0.4 0.9
v -0.9 0.4 0.7
v -0.9 0.4 0.6
v -0.9 0.4 0.4
v -0.9 0.4 0.3
v -0.9 0.4 0.0999999
v -0.9 0.4 -2.38419e-07
v -0.9 0.4 -0.2
v -0.9 0.4 -0.3
v -0.9 0.4 -0.5
v -0.9 0.4 -0.6
v -0.9 0.4 -0.8
v -0.9 0.4 -0.9
v -0.9 0.4 -1.1
v -0.9 0.4 -1.2
v -0.9 0.4 -1.4
v -0.9 0.4 -1.5
v -0.9 0.4 -1.7
v -0.9 0.4 -1.8
v -0.9 0.4 -1.9
v -0.8 0.1 -1.9
v -0.8 0.1 -2
v -0.8 0.2 -1.9
v -0.8 0.2 -2
v -0.8 0.3 -1.9
v -0.8 0.3 -2
v -0.8 0.4 -1.9
v -0.8 0.5 -1.9
v -0.8 0.5 -2
v -0.8 0.6 -1.9
v -0.8 0.6 -2
v -0.8 0.8 -1.9
v -0.8 0.8 -2
v -0.7 0.1 2
v -0.7 0.1 1.9
v -0.7 0.2 2
v -0.7 0.2 1.9
v -0.7 0.3 2
v -0.7 0.3 1.9
v -0.7 0.4 1.9
v -0.7 0.5 2
v -0.7 0.5 1.9
v -0.7 0.5 -1.4
v -0.7 0.5 -1.5
v -0.7 0.6 2
v -0.7 0.6 1.9
v -0.7 0.6 -1.4
v -0.7 0.6 -1.5
v -0.7 0.7 1
v -0.7 0.7 0.9
v -0.7 0.7 -0.5
v -0.7 0.7 -0.6
v -0.7 0.7 -1.4
v -0.7 0.7 -1.5
v -0.7 0.8 2
v -0.7 0.8 1.9
v -0.7 0.8 1
v -0.7 0.8 0.9
v -0.7 0.8 -0.5
v -0.7 0.8 -0.6
v -0.7 0.8 -1.4
v -0.7 0.8 -1.5
v -0.7 0.9 0.2
v -0.7 0.9 0.0999999
v -0.7 1 0.2
v -0.7 1 0.0999999
v -0.7 1.1 1.6
v -0.7 1.1 1.5
v -0.7 1.2 1.6
v -0.7 1.2 1.5
v -0.6 0.4 1.6
v -0.6 0.4 1.5
v -0.6 0.4 1
v -0.6 0.4 0.9
v -0.6 0.4 0.2
v -0.6 0.4 0.0999999
v -0.6 0.4 -0.5
v -0.6 0.4 -0.6
v -0.6 0.4 -1.4
v -0.6 0.4 -1.5
v -0.6 0.5 0.9
v -0.6 0.5 0.8
v -0.6 0.5 0.3
v -0.6 0.5 0.2
v -0.6 0.5 -0.4
v -0.6 0.5 -0.5
v -0.6 0.5 -1.4
v -0.6 0.5 -1.5
v -0.6 0.6 1.7
v -0.6 0.6 1.6
v -0.6 0.6 1.5
v -0.6 0.6 1.4
v -0.6 0.6 0.9
v -0.6 0.6 0.8
v -0.6 0.6 0.3
v -0.6 0.6 0.2
v -0.6 0.6 -0.4
v -0.6 0.6 -0.5
v -0.6 0.6 -1.4
v -0.6 0.6 -1.5
v -0.6 0.7 1.7
v -0.6 0.7 1.6
v -0.6 0.7 1.5
v -0.6 0.7 1.4
v -0.6 0.7 1.1
v -0.6 0.7 1
v -0.6 0.7 0.9
v -0.6 0.7 0.8
v -0.6 0.7 0.0999999
v -0.6 0.7 -2.38419e-07
v -0.6 0.7 -0.4
v -0.6 0.7 -0.5
v -0.6 0.7 -0.6
v -0.6 0.7 -0.7
v -0.6 0.7 -1.3
v -0.6 0.7 -1.4
v -0.6 0.7 -1.5
v -0.6 0.7 -1.6
v -0.6 0.8 1.1
v -0.6 0.8 1
v -0.6 0.8 0.9
v -0.6 0.8 0.8
v -0.6 0.8 0.0999999
v -0.6 0.8 -2.38419e-07
v -0.6 0.8 -0.4
v -0.6 0.8 -0.5
v -0.6 0.8 -0.6
v -0.6 0.8 -0.7
v -0.6 0.8 -1.3
v -0.6 0.8 -1.4
v -0.6 0.8 -1.5
v -0.6 0.8 -1.6
v -0.6 0.9 1.5
v -0.6 0.9 1.4
v -0.6 0.9 0.3
v -0.6 0.9 0.2
v -0.6 0.9 0.0999999
v -0.6 0.9 -2.38419e-07
v -0.6 1 1.5
v -0.6 1 1.4
v -0.6 1 0.3
v -0.6 1 0.2
v -0.6 1 0.0999999
v -0.6 1 -2.38419e-07
v -0.6 1.1 1.7
v -0.6 1.1 1.6
v -0.6 1.1 1.5
v -0.6 1.1 1.4
v -0.6 1.2 1.7
v -0.6 1.2 1.6
v -0.6 1.2 1.5
v -0.6 1.2 1.4
v -0.5 0.1 -1.9
v -0.5 0.1 -2
v -0.5 0.2 -1.9
v -0.5 0.2 -2
v -0.5 0.3 -1.9
v -0.5 0.3 -2
v -0.5 0.4 -1.9
v -0.5 0.5 -1.9
v -0.5 0.5 -2
v -0.5 0.6 -0.9
v -0.5 0.6 -1
v -0.5 0.6 -1.9
v -0.5 0.6 -2
v -0.5 0.7 -0.9
v -0.5 0.7 -1
v -0.5 0.7 -1.9
v -0.5 0.7 -2
v -0.5 0.9 -0.9
v -0.5 0.9 -1
v -0.5 1 -0.9
v -0.5 1 -1
v -0.4 0.1 2
v -0.4 0.1 1.9
v -0.4 0.2 2
v -0.4 0.2 1.9
v -0.4 0.3 2
v -0.4 0.3 1.9
v -0.4 0.4 1.9
v -0.4 0.4 -0.9
v -0.4 0.4 -1
v -0.4 0.5 2
v -0.4 0.5 1.9
v -0.4 0.6 2
v -0.4 0.6 1.9
v -0.4 0.6 -0.9
v -0.4 0.6 -1
v -0.4 0.7 2
v -0.4 0.7 1.9
v -0.4 0.7 -0.9
v -0.4 0.7 -1
v -0.4 0.9 -0.8
v -0.4 0.9 -0.9
v -0.4 0.9 -1
v -0.4 0.9 -1.1
v -0.4 1 -0.8
v -0.4 1 -0.9
v -0.4 1 -1
v -0.4 1 -1.1
v -0.3 0.5 0.4
v -0.3 0.5 0.3
v -0.3 0.6 0.4
v -0.3 0.6 0.3
v -0.3 0.7 0.4
v -0.3 0.7 0.3
v -0.3 0.8 0.4
v -0.3 0.8 0.3
v -0.2 0.1 -1.9
v -0.2 0.1 -2
v -0.2 0.2 -1.9
v -0.2 0.2 -2
v -0.2 0.3 -1.9
v -0.2 0.3 -2
v -0.2 0.4 0.4
v -0.2 0.4 0.3
v -0.2 0.4 -1.9
v -0.2 0.5 0.4
v -0.2 0.5 0.3
v -0.2 0.5 -1.9
v -0.2 0.5 -2
v -0.2 0.6 0.4
v -0.2 0.6 0.3
v -0.2 0.6 -1.9
v -0.2 0.6 -2
v -0.2 0.7 0.5
v -0.2 0.7 0.4
v -0.2 0.7 0.3
v -0.2 0.7 0.2
v -0.2 0.7 -1.6
v -0.2 0.7 -1.7
v -0.2 0.8 0.5
v -0.2 0.8 0.4
v -0.2 0.8 0.3
v -0.2 0.8 0.2
v -0.2 0.8 -1.6
v -0.2 0.8 -1.7
v -0.2 0.8 -1.9
v -0.2 0.8 -2
v -0.2 1.1 -1.6
v -0.2 1.1 -1.7
v -0.2 1.2 -1.6
v -0.2 1.2 -1.7
v -0.1 0.1 2
v -0.1 0.1 1.9
v -0.1 0.2 2
v -0.1 0.2 1.9
v -0.1 0.3 2
v -0.1 0.3 1.9
v -0.1 0.4 1.9
v -0.1 0.4 -1.6
v -0.1 0.4 -1.7
v -0.1 0.5 2
v -0.1 0.5 1.9
v -0.1 0.6 2
v -0.1 0.6 1.9
v -0.1 0.7 1.4
v -0.1 0.7 1.3
v -0.1 0.7 -1.6
v -0.1 0.7 -1.7
v -0.1 0.8 2
v -0.1 0.8 1.9
v -0.1 0.8 1.4
v -0.1 0.8 1.3
v -0.1 0.8 -1.6
v -0.1 0.8 -1.7
v -0.1 0.9 -1.5
v -0.1 0.9 -1.6
v -0.1 0.9 -1.7
v -0.1 0.9 -1.8
v -0.1 1 -1.5
v -0.1 1 -1.6
v -0.1 1 -1.7
v -0.1 1 -1.8
v -0.1 1.1 -1.5
v -0.1 1.1 -1.6
v -0.1 1.1 -1.7
v -0.1 1.1 -1.8
v -0.1 1.2 -1.5
v -0.1 1.2 -1.6
v -0.1 1.2 -1.7
v -0.1 1.2 -1.8
v 0 0.4 1.4
v 0 0.4 1.3
v 0 0.7 1.5
v 0 0.7 1.4
v 0 0.7 1.3
v 0 0.7 1.2
v 0 0.7 -0.3
v 0 0.7 -0.4
v 0 0.7 -1.2
v 0 0.7 -1.3
v 0 0.8 1.5
v 0 0.8 1.4
v 0 0.8 1.3
v 0 0.8 1.2
v 0 0.8 -0.3
v 0 0.8 -0.4
v 0 0.8 -1.2
v 0 0.8 -1.3
v 0 1.1 0.2
v 0 1.1 0.0999999
v 0 1.2 0.2
v 0 1.2 0.0999999
v 0.1 0.1 -1.9
v 0.1 0.1 -2
v 0.1 0.2 -1.9
v 0.1 0.2 -2
v 0.1 0.3 -1.9
v 0.1 0.3 -2
v 0.1 0.4 0.2
v 0.1 0.4 0.0999999
v 0.1 0.4 -0.3
v 0.1 0.4 -0.4
v 0.1 0.4 -1.2
v 0.1 0.4 -1.3
v 0.1 0.4 -1.9
v 0.1 0.5 -0.4
v 0.1 0.5 -0.5
v 0.1 0.5 -1.9
v 0.1 0.5 -2
v 0.1 0.6 0.3
v 0.1 0.6 0.2
v 0.1 0.6 -0.4
v 0.1 0.6 -0.5
v 0.1 0.6 -1.9
v 0.1 0.6 -2
v 0.1 0.7 0.3
v 0.1 0.7 0.2
v 0.1 0.7 0.0999999
v 0.1 0.7 -2.38419e-07
v 0.1 0.7 -0.2
v 0.1 0.7 -0.3
v 0.1 0.7 -0.4
v 0.1 0.7 -0.5
v 0.1 0.7 -1.1
v 0.1 0.7 -1.2
v 0.1 0.7 -1.3
v 0.1 0.7 -1.4
v 0.1 0.7 -1.9
v 0.1 0.7 -2
v 0.1 0.8 0.0999999
v 0.1 0.8 -2.38419e-07
v 0.1 0.8 -0.2
v 0.1 0.8 -0.3
v 0.1 0.8 -0.4
v 0.1 0.8 -0.5
v 0.1 0.8 -1.1
v 0.1 0.8 -1.2
v 0.1 0.8 -1.3
v 0.1 0.8 -1.4
v 0.1 0.9 0.3
v 0.1 0.9 0.2
v 0.1 1 0.3
v 0.1 1 0.2
v 0.1 1.1 0.3
v 0.1 1.1 0.2
v 0.1 1.1 0.0999999
v 0.1 1.1 -2.38419e-07
v 0.1 1.2 0.3
v 0.1 1.2 0.2
v 0.1 1.2 0.0999999
v 0.1 1.2 -2.38419e-07
v 0.2 0.1 2
v 0.2 0.1 1.9
v 0.2 0.2 2
v 0.2 0.2 1.9
v 0.2 0.3 2
v 0.2 0.3 1.9
v 0.2 0.4 1.9
v 0.2 0.5 2
v 0.2 0.5 1.9
v 0.2 0.6 2
v 0.2 0.6 1.9
v 0.2 0.7 2
v 0.2 0.7 1.9
v 0.4 0.1 -1.9
v 0.4 0.1 -2
v 0.4 0.2 -1.9
v 0.4 0.2 -2
v 0.4 0.3 -1.9
v 0.4 0.3 -2
v 0.4 0.4 -1.9
v 0.4 0.5 -1.9
v 0.4 0.5 -2
v 0.4 0.6 -1.9
v 0.4 0.6 -2
v 0.4 0.7 0.7
v 0.4 0.7 0.6
v 0.4 0.8 0.7
v 0.4 0.8 0.6
v 0.4 0.8 -1.9
v 0.4 0.8 -2
v 0.4 0.9 -0.8
v 0.4 0.9 -0.9
v 0.4 1 -0.8
v 0.4 1 -0.9
v 0.5 0.1 2
v 0.5 0.1 1.9
v 0.5 0.2 2
v 0.5 0.2 1.9
v 0.5 0.3 2
v 0.5 0.3 1.9
v 0.5 0.4 1.9
v 0.5 0.4 0.7
v 0.5 0.4 0.6
v 0.5 0.4 -0.8
v 0.5 0.4 -0.9
v 0.5 0.5 2
v 0.5 0.5 1.9
v 0.5 0.5 0.6
v 0.5 0.5 0.5
v 0.5 0.5 -1.5
v 0.5 0.5 -1.6
v 0.5 0.6 2
v 0.5 0.6 1.9
v 0.5 0.6 1.5
v 0.5 0.6 1.4
v 0.5 0.6 0.6
v 0.5 0.6 0.5
v 0.5 0.6 -0.7
v 0.5 0.6 -0.8
v 0.5 0.6 -1.5
v 0.5 0.6 -1.6
v 0.5 0.7 1.5
v 0.5 0.7 1.4
v 0.5 0.7 0.8
v 0.5 0.7 0.7
v 0.5 0.7 0.6
v 0.5 0.7 0.5
v 0.5 0.7 -2.38419e-07
v 0.5 0.7 -0.1
v 0.5 0.7 -0.7
v 0.5 0.7 -0.8
v 0.5 0.7 -0.9
v 0.5 0.7 -1
v 0.5 0.7 -1.5
v 0.5 0.7 -1.6
v 0.5 0.8 2
v 0.5 0.8 1.9
v 0.5 0.8 0.8
v 0.5 0.8 0.7
v 0.5 0.8 0.6
v 0.5 0.8 0.5
v 0.5 0.8 -2.38419e-07
v 0.5 0.8 -0.1
v 0.5 0.8 -0.9
v 0.5 0.8 -1
v 0.5 0.8 -1.5
v 0.5 0.8 -1.6
v 0.5 0.9 1.5
v 0.5 0.9 1.4
v 0.5 0.9 -0.7
v 0.5 0.9 -0.8
v 0.5 0.9 -0.9
v 0.5 0.9 -1
v 0.5 1 1.5
v 0.5 1 1.4
v 0.5 1 -0.7
v 0.5 1 -0.8
v 0.5 1 -0.9
v 0.5 1 -1
v 0.6 0.4 1.5
v 0.6 0.4 1.4
v 0.6 0.4 -2.38419e-07
v 0.6 0.4 -0.1
v 0.6 0.4 -1.5
v 0.6 0.4 -1.6
v 0.6 0.5 -1.5
v 0.6 0.5 -1.6
v 0.6 0.6 1.5
v 0.6 0.6 1.4
v 0.6 0.6 -1.5
v 0.6 0.6 -1.6
v 0.6 0.7 1.5
v 0.6 0.7 1.4
v 0.6 0.7 0.0999999
v 0.6 0.7 -2.38419e-07
v 0.6 0.7 -0.1
v 0.6 0.7 -0.2
v 0.6 0.7 -1.4
v 0.6 0.7 -1.5
v 0.6 0.7 -1.6
v 0.6 0.7 -1.7
v 0.6 0.8 0.0999999
v 0.6 0.8 -2.38419e-07
v 0.6 0.8 -0.1
v 0.6 0.8 -0.2
v 0.6 0.8 -1.4
v 0.6 0.8 -1.5
v 0.6 0.8 -1.6
v 0.6 0.8 -1.7
v 0.6 0.9 1.6
v 0.6 0.9 1.5
v 0.6 0.9 1.4
v 0.6 0.9 1.3
v 0.6 1 1.6
v 0.6 1 1.5
v 0.6 1 1.4
v 0.6 1 1.3
v 0.7 0.1 -1.9
v 0.7 0.1 -2
v 0.7 0.2 -1.9
v 0.7 0.2 -2
v 0.7 0.3 -1.9
v 0.7 0.3 -2
v 0.7 0.4 -1.9
v 0.7 0.5 -1.9
v 0.7 0.5 -2
v 0.7 0.6 -1.9
v 0.7 0.6 -2
v 0.7 0.7 -1.9
v 0.7 0.7 -2
v 0.8 0.1 2
v 0.8 0.1 1.9
v 0.8 0.2 2
v 0.8 0.2 1.9
v 0.8 0.3 2
v 0.8 0.3 1.9
v 0.8 0.4 1.9
v 0.8 0.5 2
v 0.8 0.5 1.9
v 0.8 0.6 2
v 0.8 0.6 1.9
v 0.8 0.7 2
v 0.8 0.7 1.9
v 0.9 0.4 1.8
v 0.9 0.4 1.7
v 0.9 0.4 1.5
v 0.9 0.4 1.4
v 0.9 0.4 1.2
v 0.9 0.4 1.1
v 0.9 0.4 0.9
v 0.9 0.4 0.8
v 0.9 0.4 0.6
v 0.9 0.4 0.5
v 0.9 0.4 0.3
v 0.9 0.4 0.2
v 0.9 0.4 -2.38419e-07
v 0.9 0.4 -0.1
v 0.9 0.4 -0.3
v 0.9 0.4 -0.4
v 0.9 0.4 -0.6
v 0.9 0.4 -0.7
v 0.9 0.4 -0.9
v 0.9 0.4 -1
v 0.9 0.4 -1.2
v 0.9 0.4 -1.3
v 0.9 0.4 -1.5
v 0.9 0.4 -1.6
v 0.9 0.4 -1.7
v 0.9 0.4 -1.8
v 0.9 0.5 1.9
v 0.9 0.5 1.8
v 0.9 0.5 1.7
v 0.9 0.5 1.5
v 0.9 0.5 1.4
v 0.9 0.5 1.2
v 0.9 0.5 1.1
v 0.9 0.5 0.9
v 0.9 0.5 0.8
v 0.9 0.5 0.6
v 0.9 0.5 0.5
v 0.9 0.5 0.3
v 0.9 0.5 0.2
v 0.9 0.5 -2.38419e-07
v 0.9 0.5 -0.1
v 0.9 0.5 -0.3
v 0.9 0.5 -0.4
v 0.9 0.5 -0.6
v 0.9 0.5 -0.7
v 0.9 0.5 -0.9
v 0.9 0.5 -1
v 0.9 0.5 -1.2
v 0.9 0.5 -1.3
v 0.9 0.5 -1.5
v 0.9 0.5 -1.6
v 0.9 0.5 -1.7
v 0.9 0.5 -1.8
v 0.9 0.5 -1.9
v 0.9 0.6 1.9
v 0.9 0.6 1.8
v 0.9 0.6 1.7
v 0.9 0.6 1.5
v 0.9 0.6 1.4
v 0.9 0.6 1.2
v 0.9 0.6 1.1
v 0.9 0.6 0.9
v 0.9 0.6 0.8
v 0.9 0.6 0.6
v 0.9 0.6 0.5
v 0.9 0.6 0.3
v 0.9 0.6 0.2
v 0.9 0.6 -2.38419e-07
v 0.9 0.6 -0.1
v 0.9 0.6 -0.3
v 0.9 0.6 -0.4
v 0.9 0.6 -0.6
v 0.9 0.6 -0.7
v 0.9 0.6 -0.9
v 0.9 0.6 -1
v 0.9 0.6 -1.2
v 0.9 0.6 -1.3
v 0.9 0.6 -1.5
v 0.9 0.6 -1.6
v 0.9 0.6 -1.7
v 0.9 0.6 -1.8
v 0.9 0.6 -1.9
v 0.9 0.7 1.5
v 0.9 0.7 1.4
v 0.9 0.7 0.9
v 0.9 0.7 0.8
v 0.9 0.7 0.3
v 0.9 0.7 0.2
v 0.9 0.7 -0.3
v 0.9 0.7 -0.4
v 0.9 0.7 -0.9
v 0.9 0.7 -1
v 0.9 0.7 -1.5
v 0.9 0.7 -1.6
v 0.9 0.8 1.8
v 0.9 0.8 1.7
v 0.9 0.8 1.2
v 0.9 0.8 1.1
v 0.9 0.8 0.6
v 0.9 0.8 0.5
v 0.9 0.8 -2.38419e-07
v 0.9 0.8 -0.1
v 0.9 0.8 -0.6
v 0.9 0.8 -0.7
v 0.9 0.8 -1.2
v 0.9 0.8 -1.3
v 0.9 0.8 -1.7
v 0.9 0.8 -1.8
v -0.9 0.4 1.9
v -0.9 0.4 1.8
v -0.9 0.4 1.6
v -0.9 0.4 1.5
v -0.9 0.4 1.3
v -0.9 0.4 1.2
v -0.9 0.4 1
v -0.9 0.4 0.9
v -0.9 0.4 0.7
v -0.9 0.4 0.6
v -0.9 0.4 0.4
v -0.9 0.4 0.3
v -0.9 0.4 0.0999999
v -0.9 0.4 -2.38419e-07
v -0.9 0.4 -0.2
v -0.9 0.4 -0.3
v -0.9 0.4 -0.5
v -0.9 0.4 -0.6
v -0.9 0.4 -0.8
v -0.9 0.4 -0.9
v -0.9 0.4 -1.1
v -0.9 0.4 -1.2
v -0.9 0.4 -1.4
v -0.9 0.4 -1.5
v -0.9 0.4 -1.7
v -0.9 0.4 -1.8
v -0.9 0.5 1.9
v -0.9 0.5 1.8
v -0.9 0.5 1.6
v -0.9 0.5 1.5
v -0.9 0.5 1.3
v -0.9 0.5 1.2
v -0.9 0.5 1
v -0.9 0.5 0.9
v -0.9 0.5 0.7
v -0.9 0.5 0.6
v -0.9 0.5 0.4
v -0.9 0.5 0.3
v -0.9 0.5 0.0999999
v -0.9 0.5 -2.38419e-07
v -0.9 0.5 -0.2
v -0.9 0.5 -0.3
v -0.9 0.5 -0.5
v -0.9 0.5 -0.6
v -0.9 0.5 -0.8
v -0.9 0.5 -0.9
v -0.9 0.5 -1.1
v -0.9 0.5 -1.2
v -0.9 0.5 -1.4
v -0.9 0.5 -1.5
v -0.9 0.5 -1.7
v -0.9 0.5 -1.8
v -0.9 0.5 -1.9
v -0.9 0.6 1.9
v -0.9 0.6 1.8
v -0.9 0.6 1.6
v -0.9 0.6 1.5
v -0.9 0.6 1.3
v -0.9 0.6 1.2
v -0.9 0.6 1
v -0.9 0.6 0.9
v -0.9 0.6 0.7
v -0.9 0.6 0.6
v -0.9 0.6 0.4
v -0.9 0.6 0.3
v -0.9 0.6 0.0999999
v -0.9 0.6 -2.38419e-07
v -0.9 0.6 -0.2
v -0.9 0.6 -0.3
v -0.9 0.6 -0.5
v -0.9 0.6 -0.6
v -0.9 0.6 -0.8
v -0.9 0.6 -0.9
v -0.9 0.6 -1.1
v -0.9 0.6 -1.2
v -0.9 0.6 -1.4
v -0.9 0.6 -1.5
v -0.9 0.6 -1.7
v -0.9 0.6 -1.8
v -0.9 0.6 -1.9
v -0.9 0.7 1.9
v -0.9 0.7 1.8
v -0.9 0.7 1.3
v -0.9 0.7 1.2
v -0.9 0.7 0.7
v -0.9 0.7 0.6
v -0.9 0.7 0.0999999
v -0.9 0.7 -2.38419e-07
v -0.9 0.7 -0.5
v -0.9 0.7 -0.6
v -0.9 0.7 -1.1
v -0.9 0.7 -1.2
v -0.9 0.7 -1.7
v -0.9 0.7 -1.8
v -0.9 0.8 1.6
v -0.9 0.8 1.5
v -0.9 0.8 1
v -0.9 0.8 0.9
v -0.9 0.8 0.4
v -0.9 0.8 0.3
v -0.9 0.8 -0.2
v -0.9 0.8 -0.3
v -0.9 0.8 -0.8
v -0.9 0.8 -0.9
v -0.9 0.8 -1.4
v -0.9 0.8 -1.5
v -0.7 0.1 -1.9
v -0.7 0.1 -2
v -0.7 0.2 -1.9
v -0.7 0.2 -2
v -0.7 0.3 -1.9
v -0.7 0.3 -2
v -0.7 0.4 -1.9
v -0.7 0.5 -1.9
v -0.7 0.5 -2
v -0.7 0.6 -1.9
v -0.7 0.6 -2
v -0.7 0.8 -1.9
v -0.7 0.8 -2
v -0.6 0.1 2
v -0.6 0.1 1.9
v -0.6 0.2 2
v -0.6 0.2 1.9
v -0.6 0.3 2
v -0.6 0.3 1.9
v -0.6 0.4 1.9
v -0.6 0.5 2
v -0.6 0.5 1.9
v -0.6 0.6 2
v -0.6 0.6 1.9
v -0.6 0.8 2
v -0.6 0.8 1.9
v -0.5 0.4 1.6
v -0.5 0.4 1.5
v -0.5 0.4 1
v -0.5 0.4 0.9
v -0.5 0.4 0.2
v -0.5 0.4 0.0999999
v -0.5 0.4 -0.5
v -0.5 0.4 -0.6
v -0.5 0.4 -1.4
v -0.5 0.4 -1.5
v -0.5 0.5 0.9
v -0.5 0.5 0.8
v -0.5 0.5 0.3
v -0.5 0.5 0.2
v -0.5 0.5 -0.4
v -0.5 0.5 -0.5
v -0.5 0.6 1.7
v -0.5 0.6 1.6
v -0.5 0.6 1.5
v -0.5 0.6 1.4
v -0.5 0.6 0.9
v -0.5 0.6 0.8
v -0.5 0.6 0.3
v -0.5 0.6 0.2
v -0.5 0.6 -0.4
v -0.5 0.6 -0.5
v -0.5 0.7 1.7
v -0.5 0.7 1.6
v -0.5 0.7 1.5
v -0.5 0.7 1.4
v -0.5 0.7 1.1
v -0.5 0.7 1
v -0.5 0.7 0.9
v -0.5 0.7 0.8
v -0.5 0.7 0.0999999
v -0.5 0.7 -2.38419e-07
v -0.5 0.7 -0.4
v -0.5 0.7 -0.5
v -0.5 0.7 -0.6
v -0.5 0.7 -0.7
v -0.5 0.7 -1.3
v -0.5 0.7 -1.4
v -0.5 0.7 -1.5
v -0.5 0.7 -1.6
v -0.5 0.8 1.1
v -0.5 0.8 1
v -0.5 0.8 0.9
v -0.5 0.8 0.8
v -0.5 0.8 0.0999999
v -0.5 0.8 -2.38419e-07
v -0.5 0.8 -0.4
v -0.5 0.8 -0.5
v -0.5 0.8 -0.6
v -0.5 0.8 -0.7
v -0.5 0.8 -1.3
v -0.5 0.8 -1.4
v -0.5 0.8 -1.5
v -0.5 0.8 -1.6
v -0.5 0.9 1.5
v -0.5 0.9 1.4
v -0.5 0.9 0.3
v -0.5 0.9 0.2
v -0.5 0.9 0.0999999
v -0.5 0.9 -2.38419e-07
v -0.5 1 1.5
v -0.5 1 1.4
v -0.5 1 0.3
v -0.5 1 0.2
v -0.5 1 0.0999999
v -0.5 1 -2.38419e-07
v -0.5 1.1 1.7
v -0.5 1.1 1.6
v -0.5 1.1 1.5
v -0.5 1.1 1.4
v -0.5 1.2 1.7
v -0.5 1.2 1.6
v -0.5 1.2 1.5
v -0.5 1.2 1.4
v -0.4 0.1 -1.9
v -0.4 0.1 -2
v -0.4 0.2 -1.9
v -0.4 0.2 -2
v -0.4 0.3 -1.9
v -0.4 0.3 -2
v -0.4 0.4 -1.9
v -0.4 0.5 -1.9
v -0.4 0.5 -2
v -0.4 0.6 -1.9
v -0.4 0.6 -2
v -0.4 0.7 1
v -0.4 0.7 0.9
v -0.4 0.7 -0.5
v -0.4 0.7 -0.6
v -0.4 0.7 -1.4
v -0.4 0.7 -1.5
v -0.4 0.7 -1.9
v -0.4 0.7 -2
v -0.4 0.8 1
v -0.4 0.8 0.9
v -0.4 0.8 -0.5
v -0.4 0.8 -0.6
v -0.4 0.8 -1.4
v -0.4 0.8 -1.5
v -0.4 0.9 0.2
v -0.4 0.9 0.0999999
v -0.4 1 0.2
v -0.4 1 0.0999999
v -0.4 1.1 1.6
v -0.4 1.1 1.5
v -0.4 1.2 1.6
v -0.4 1.2 1.5
v -0.3 0.1 2
v -0.3 0.1 1.9
v -0.3 0.2 2
v -0.3 0.2 1.9
v -0.3 0.3 2
v -0.3 0.3 1.9
v -0.3 0.4 1.9
v -0.3 0.4 -0.9
v -0.3 0.4 -1
v -0.3 0.5 2
v -0.3 0.5 1.9
v -0.3 0.5 -0.9
v -0.3 0.5 -1
v -0.3 0.6 2
v -0.3 0.6 1.9
v -0.3 0.6 -0.9
v -0.3 0.6 -1
v -0.3 0.7 2
v -0.3 0.7 1.9
v -0.3 0.9 -0.8
v -0.3 0.9 -0.9
v -0.3 0.9 -1
v -0.3 0.9 -1.1
v -0.3 1 -0.8
v -0.3 1 -0.9
v -0.3 1 -1
v -0.3 1 -1.1
v -0.2 0.5 -0.9
v -0.2 0.5 -1
v -0.2 0.6 -0.9
v -0.2 0.6 -1
v -0.2 0.9 -0.9
v -0.2 0.9 -1
v -0.2 1 -0.9
v -0.2 1 -1
v -0.1 0.1 -1.9
v -0.1 0.1 -2
v -0.1 0.2 -1.9
v -0.1 0.2 -2
v -0.1 0.3 -1.9
v -0.1 0.3 -2
v -0.1 0.4 0.4
v -0.1 0.4 0.3
v -0.1 0.4 -1.9
v -0.1 0.5 -1.9
v -0.1 0.5 -2
v -0.1 0.6 -1.9
v -0.1 0.6 -2
v -0.1 0.7 0.5
v -0.1 0.7 0.4
v -0.1 0.7 0.3
v -0.1 0.7 0.2
v -0.1 0.8 0.5
v -0.1 0.8 0.4
v -0.1 0.8 0.3
v -0.1 0.8 0.2
v -0.1 0.8 -1.9
v -0.1 0.8 -2
v 0 0.1 2
v 0 0.1 1.9
v 0 0.2 2
v 0 0.2 1.9
v 0 0.3 2
v 0 0.3 1.9
v 0 0.4 1.9
v 0 0.4 -1.6
v 0 0.4 -1.7
v 0 0.5 2
v 0 0.5 1.9
v 0 0.6 2
v 0 0.6 1.9
v 0 0.7 0.4
v 0 0.7 0.3
v 0 0.8 2
v 0 0.8 1.9
v 0 0.8 0.4
v 0 0.8 0.3
v 0 0.9 -1.5
v 0 0.9 -1.6
v 0 0.9 -1.7
v 0 0.9 -1.8
v 0 1 -1.5
v 0 1 -1.6
v 0 1 -1.7
v 0 1 -1.8
v 0 1.1 -1.5
v 0 1.1 -1.6
v 0 1.1 -1.7
v 0 1.1 -1.8
v 0 1.2 -1.5
v 0 1.2 -1.6
v 0 1.2 -1.7
v 0 1.2 -1.8
v 0.1 0.4 1.4
v 0.1 0.4 1.3
v 0.1 0.5 1.4
v 0.1 0.5 1.3
v 0.1 0.6 1.4
v 0.1 0.6 1.3
v 0.1 0.7 1.5
v 0.1 0.7 1.4
v 0.1 0.7 1.3
v 0.1 0.7 1.2
v 0.1 0.8 1.5
v 0.1 0.8 1.4
v 0.1 0.8 1.3
v 0.1 0.8 1.2
v 0.1 1.1 -1.6
v 0.1 1.1 -1.7
v 0.1 1.2 -1.6
v 0.1 1.2 -1.7
v 0.2 0.1 -1.9
v 0.2 0.1 -2
v 0.2 0.2 -1.9
v 0.2 0.2 -2
v 0.2 0.3 -1.9
v 0.2 0.3 -2
v 0.2 0.4 0.2
v 0.2 0.4 0.0999999
v 0.2 0.4 -0.3
v 0.2 0.4 -0.4
v 0.2 0.4 -1.2
v 0.2 0.4 -1.3
v 0.2 0.4 -1.9
v 0.2 0.5 1.4
v 0.2 0.5 1.3
v 0.2 0.5 -0.4
v 0.2 0.5 -0.5
v 0.2 0.5 -1.9
v 0.2 0.5 -2
v 0.2 0.6 1.4
v 0.2 0.6 1.3
v 0.2 0.6 0.3
v 0.2 0.6 0.2
v 0.2 0.6 -0.4
v 0.2 0.6 -0.5
v 0.2 0.6 -1.9
v 0.2 0.6 -2
v 0.2 0.7 1.4
v 0.2 0.7 1.3
v 0.2 0.7 0.3
v 0.2 0.7 0.2
v 0.2 0.7 0.0999999
v 0.2 0.7 -2.38419e-07
v 0.2 0.7 -0.2
v 0.2 0.7 -0.3
v 0.2 0.7 -0.4
v 0.2 0.7 -0.5
v 0.2 0.7 -1.1
v 0.2 0.7 -1.2
v 0.2 0.7 -1.3
v 0.2 0.7 -1.4
v 0.2 0.7 -1.9
v 0.2 0.7 -2
v 0.2 0.8 1.4
v 0.2 0.8 1.3
v 0.2 0.8 0.0999999
v 0.2 0.8 -2.38419e-07
v 0.2 0.8 -0.2
v 0.2 0.8 -0.3
v 0.2 0.8 -0.4
v 0.2 0.8 -0.5
v 0.2 0.8 -1.1
v 0.2 0.8 -1.2
v 0.2 0.8 -1.3
v 0.2 0.8 -1.4
v 0.2 0.9 0.3
v 0.2 0.9 0.2
v 0.2 1 0.3
v 0.2 1 0.2
v 0.2 1.1 0.3
v 0.2 1.1 0.2
v 0.2 1.1 0.0999999
v 0.2 1.1 -2.38419e-07
v 0.2 1.2 0.3
v 0.2 1.2 0.2
v 0.2 1.2 0.0999999
v 0.2 1.2 -2.38419e-07
v 0.3 0.1 2
v 0.3 0.1 1.9
v 0.3 0.2 2
v 0.3 0.2 1.9
v 0.3 0.3 2
v 0.3 0.3 1.9
v 0.3 0.4 1.9
v 0.3 0.5 2
v 0.3 0.5 1.9
v 0.3 0.6 2
v 0.3 0.6 1.9
v 0.3 0.7 2
v 0.3 0.7 1.9
v 0.3 0.7 -0.3
v 0.3 0.7 -0.4
v 0.3 0.7 -1.2
v 0.3 0.7 -1.3
v 0.3 0.8 -0.3
v 0.3 0.8 -0.4
v 0.3 0.8 -1.2
v 0.3 0.8 -1.3
v 0.3 1.1 0.2
v 0.3 1.1 0.0999999
v 0.3 1.2 0.2
v 0.3 1.2 0.0999999
v 0.5 0.1 -1.9
v 0.5 0.1 -2
v 0.5 0.2 -1.9
v 0.5 0.2 -2
v 0.5 0.3 -1.9
v 0.5 0.3 -2
v 0.5 0.4 -1.9
v 0.5 0.5 -1.9
v 0.5 0.5 -2
v 0.5 0.6 -1.9
v 0.5 0.6 -2
v 0.5 0.8 -1.9
v 0.5 0.8 -2
v 0.6 0.1 2
v 0.6 0.1 1.9
v 0.6 0.2 2
v 0.6 0.2 1.9
v 0.6 0.3 2
v 0.6 0.3 1.9
v 0.6 0.4 1.9
v 0.6 0.4 0.7
v 0.6 0.4 0.6
v 0.6 0.4 -0.8
v 0.6 0.4 -0.9
v 0.6 0.5 2
v 0.6 0.5 1.9
v 0.6 0.5 0.6
v 0.6 0.5 0.5
v 0.6 0.6 2
v 0.6 0.6 1.9
v 0.6 0.6 0.6
v 0.6 0.6 0.5
v 0.6 0.6 -0.7
v 0.6 0.6 -0.8
v 0.6 0.7 0.8
v 0.6 0.7 0.7
v 0.6 0.7 0.6
v 0.6 0.7 0.5
v 0.6 0.7 -0.7
v 0.6 0.7 -0.8
v 0.6 0.7 -0.9
v 0.6 0.7 -1
v 0.6 0.8 2
v 0.6 0.8 1.9
v 0.6 0.8 0.8
v 0.6 0.8 0.7
v 0.6 0.8 0.6
v 0.6 0.8 0.5
v 0.6 0.8 -0.9
v 0.6 0.8 -1
v 0.6 0.9 -0.7
v 0.6 0.9 -0.8
v 0.6 0.9 -0.9
v 0.6 0.9 -1
v 0.6 1 -0.7
v 0.6 1 -0.8
v 0.6 1 -0.9
v 0.6 1 -1
v 0.7 0.4 1.5
v 0.7 0.4 1.4
v 0.7 0.4 -2.38419e-07
v 0.7 0.4 -0.1
v 0.7 0.4 -1.5
v 0.7 0.4 -1.6
v 0.7 0.5 1.5
v 0.7 0.5 1.4
v 0.7 0.5 -2.38419e-07
v 0.7 0.5 -0.1
v 0.7 0.6 1.5
v 0.7 0.6 1.4
v 0.7 0.6 -2.38419e-07
v 0.7 0.6 -0.1
v 0.7 0.7 0.7
v 0.7 0.7 0.6
v 0.7 0.7 0.0999999
v 0.7 0.7 -2.38419e-07
v 0.7 0.7 -0.1
v 0.7 0.7 -0.2
v 0.7 0.7 -1.4
v 0.7 0.7 -1.5
v 0.7 0.7 -1.6
v 0.7 0.7 -1.7
v 0.7 0.8 0.7
v 0.7 0.8 0.6
v 0.7 0.8 0.0999999
v 0.7 0.8 -2.38419e-07
v 0.7 0.8 -0.1
v 0.7 0.8 -0.2
v 0.7 0.8 -1.4
v 0.7 0.8 -1.5
v 0.7 0.8 -1.6
v 0.7 0.8 -1.7
v 0.7 0.9 1.6
v 0.7 0.9 1.5
v 0.7 0.9 1.4
v 0.7 0.9 1.3
v 0.7 0.9 -0.8
v 0.7 0.9 -0.9
v 0.7 1 1.6
v 0.7 1 1.5
v 0.7 1 1.4
v 0.7 1 1.3
v 0.7 1 -0.8
v 0.7 1 -0.9
v 0.8 0.1 -1.9
v 0.8 0.1 -2
v 0.8 0.2 -1.9
v 0.8 0.2 -2
v 0.8 0.3 -1.9
v 0.8 0.3 -2
v 0.8 0.4 -1.9
v 0.8 0.5 1.5
v 0.8 0.5 1.4
v 0.8 0.5 -2.38419e-07
v 0.8 0.5 -0.1
v 0.8 0.5 -1.9
v 0.8 0.5 -2
v 0.8 0.6 1.5
v 0.8 0.6 1.4
v 0.8 0.6 -2.38419e-07
v 0.8 0.6 -0.1
v 0.8 0.6 -1.9
v 0.8 0.6 -2
v 0.8 0.7 -2.38419e-07
v 0.8 0.7 -0.1
v 0.8 0.7 -1.5
v 0.8 0.7 -1.6
v 0.8 0.7 -1.9
v 0.8 0.7 -2
v 0.8 0.8 -2.38419e-07
v 0.8 0.8 -0.1
v 0.8 0.8 -1.5
v 0.8 0.8 -1.6
v 0.8 0.9 1.5
v 0.8 0.9 1.4
v 0.8 1 1.5
v 0.8 1 1.4
v 0.9 0.1 2
v 0.9 0.1 1.9
v 0.9 0.1 1.8
v 0.9 0.1 1.7
v 0.9 0.1 1.5
v 0.9 0.1 1.4
v 0.9 0.1 1.2
v 0.9 0.1 1.1
v 0.9 0.1 0.9
v 0.9 0.1 0.8
v 0.9 0.1 0.6
v 0.9 0.1 0.5
v 0.9 0.1 0.3
v 0.9 0.1 0.2
v 0.9 0.1 -2.38419e-07
v 0.9 0.1 -0.1
v 0.9 0.1 -0.3
v 0.9 0.1 -0.4
v 0.9 0.1 -0.6
v 0.9 0.1 -0.7
v 0.9 0.1 -0.9
v 0.9 0.1 -1
v 0.9 0.1 -1.2
v 0.9 0.1 -1.3
v 0.9 0.1 -1.5
v 0.9 0.1 -1.6
v 0.9 0.1 -1.7
v 0.9 0.1 -1.8
v 0.9 0.1 -1.9
v 0.9 0.2 2
v 0.9 0.2 1.9
v 0.9 0.2 1.8
v 0.9 0.2 1.7
v 0.9 0.2 1.5
v 0.9 0.2 1.4
v 0.9 0.2 1.2
v 0.9 0.2 1.1
v 0.9 0.2 0.9
v 0.9 0.2 0.8
v 0.9 0.2 0.6
v 0.9 0.2 0.5
v 0.9 0.2 0.3
v 0.9 0.2 0.2
v 0.9 0.2 -2.38419e-07
v 0.9 0.2 -0.1
v 0.9 0.2 -0.3
v 0.9 0.2 -0.4
v 0.9 0.2 -0.6
v 0.9 0.2 -0.7
v 0.9 0.2 -0.9
v 0.9 0.2 -1
v 0.9 0.2 -1.2
v 0.9 0.2 -1.3
v 0.9 0.2 -1.5
v 0.9 0.2 -1.6
v 0.9 0.2 -1.7
v 0.9 0.2 -1.8
v 0.9 0.2 -1.9
v 0.9 0.3 2
v 0.9 0.3 1.9
v 0.9 0.3 1.8
v 0.9 0.3 1.7
v 0.9 0.3 1.5
v 0.9 0.3 1.4
v 0.9 0.3 1.2
v 0.9 0.3 1.1
v 0.9 0.3 0.9
v 0.9 0.3 0.8
v 0.9 0.3 0.6
v 0.9 0.3 0.5
v 0.9 0.3 0.3
v 0.9 0.3 0.2
v 0.9 0.3 -2.38419e-07
v 0.9 0.3 -0.1
v 0.9 0.3 -0.3
v 0.9 0.3 -0.4
v 0.9 0.3 -0.6
v 0.9 0.3 -0.7
v 0.9 0.3 -0.9
v 0.9 0.3 -1
v 0.9 0.3 -1.2
v 0.9 0.3 -1.3
v 0.9 0.3 -1.5
v 0.9 0.3 -1.6
v 0.9 0.3 -1.7
v 0.9 0.3 -1.8
v 0.9 0.3 -1.9
v 0.9 0.4 1.9
v 0.9 0.4 1.8
v 0.9 0.4 1.7
v 0.9 0.4 1.5
v 0.9 0.4 1.4
v 0.9 0.4 1.2
v 0.9 0.4 1.1
v 0.9 0.4 0.9
v 0.9 0.4 0.8
v 0.9 0.4 0.6
v 0.9 0.4 0.5
v 0.9 0.4 0.3
v 0.9 0.4 0.2
v 0.9 0.4 -2.38419e-07
v 0.9 0.4 -0.1
v 0.9 0.4 -0.3
v 0.9 0.4 -0.4
v 0.9 0.4 -0.6
v 0.9 0.4 -0.7
v 0.9 0.4 -0.9
v 0.9 0.4 -1
v 0.9 0.4 -1.2
v 0.9 0.4 -1.3
v 0.9 0.4 -1.5
v 0.9 0.4 -1.6
v 0.9 0.4 -1.7
v 0.9 0.4 -1.8
v 0.9 0.4 -1.9
v 0.9 0.5 2
v 0.9 0.5 1.9
v 0.9 0.6 2
v 0.9 0.6 1.9
v 0.9 0.7 2
v 0.9 0.7 1.9
v 1 0 2
v 1 0 -2
v 1 0.1 2
v 1 0.1 1.8
v 1 0.1 1.7
v 1 0.1 1.5
v 1 0.1 1.4
v 1 0.1 1.2
v 1 0.1 1.1
v 1 0.1 0.9
v 1 0.1 0.8
v 1 0.1 0.6
v 1 0.1 0.5
v 1 0.1 0.3
v 1 0.1 0.2
v 1 0.1 -2.38419e-07
v 1 0.1 -0.1
v 1 0.1 -0.3
v 1 0.1 -0.4
v 1 0.1 -0.6
v 1 0.1 -0.7
v 1 0.1 -0.9
v 1 0.1 -1
v 1 0.1 -1.2
v 1 0.1 -1.3
v 1 0.1 -1.5
v 1 0.1 -1.6
v 1 0.1 -1.7
v 1 0.1 -1.8
v 1 0.1 -2
v 1 0.2 2
v 1 0.2 1.8
v 1 0.2 1.7
v 1 0.2 1.5
v 1 0.2 1.4
v 1 0.2 1.2
v 1 0.2 1.1
v 1 0.2 0.9
v 1 0.2 0.8
v 1 0.2 0.6
v 1 0.2 0.5
v 1 0.2 0.3
v 1 0.2 0.2
v 1 0.2 -2.38419e-07
v 1 0.2 -0.1
v 1 0.2 -0.3
v 1 0.2 -0.4
v 1 0.2 -0.6
v 1 0.2 -0.7
v 1 0.2 -0.9
v 1 0.2 -1
v 1 0.2 -1.2
v 1 0.2 -1.3
v 1 0.2 -1.5
v 1 0.2 -1.6
v 1 0.2 -1.7
v 1 0.2 -1.8
v 1 0.2 -2
v 1 0.3 2
v 1 0.3 1.8
v 1 0.3 1.7
v 1 0.3 1.5
v 1 0.3 1.4
v 1 0.3 1.2
v 1 0.3 1.1
v 1 0.3 0.9
v 1 0.3 0.8
v 1 0.3 0.6
v 1 0.3 0.5
v 1 0.3 0.3
v 1 0.3 0.2
v 1 0.3 -2.38419e-07
v 1 0.3 -0.1
v 1 0.3 -0.3
v 1 0.3 -0.4
v 1 0.3 -0.6
v 1 0.3 -0.7
v 1 0.3 -0.9
v 1 0.3 -1
v 1 0.3 -1.2
v 1 0.3 -1.3
v 1 0.3 -1.5
v 1 0.3 -1.6
v 1 0.3 -1.7
v 1 0.3 -1.8
v 1 0.3 -2
v 1 0.5 2
v 1 0.5 1.8
v 1 0.5 1.7
v 1 0.5 1.5
v 1 0.5 1.4
v 1 0.5 1.2
v 1 0.5 1.1
v 1 0.5 0.9
v 1 0.5 0.8
v 1 0.5 0.6
v 1 0.5 0.5
v 1 0.5 0.3
v 1 0.5 0.2
v 1 0.5 -2.38419e-07
v 1 0.5 -0.1
v 1 0.5 -0.3
v 1 0.5 -0.4
v 1 0.5 -0.6
v 1 0.5 -0.7
v 1 0.5 -0.9
v 1 0.5 -1
v 1 0.5 -1.2
v 1 0.5 -1.3
v 1 0.5 -1.5
v 1 0.5 -1.6
v 1 0.5 -1.7
v 1 0.5 -1.8
v 1 0.5 -2
v 1 0.6 2
v 1 0.6 1.8
v 1 0.6 1.7
v 1 0.6 1.5
v 1 0.6 1.4
v 1 0.6 1.2
v 1 0.6 1.1
v 1 0.6 0.9
v 1 0.6 0.8
v 1 0.6 0.6
v 1 0.6 0.5
v 1 0.6 0.3
v 1 0.6 0.2
v 1 0.6 -2.38419e-07
v 1 0.6 -0.1
v 1 0.6 -0.3
v 1 0.6 -0.4
v 1 0.6 -0.6
v 1 0.6 -0.7
v 1 0.6 -0.9
v 1 0.6 -1
v 1 0.6 -1.2
v 1 0.6 -1.3
v 1 0.6 -1.5
v 1 0.6 -1.6
v 1 0.6 -1.7
v 1 0.6 -1.8
v 1 0.6 -2
v 1 0.7 1.5
v 1 0.7 1.4
v 1 0.7 0.9
v 1 0.7 0.8
v 1 0.7 0.3
v 1 0.7 0.2
v 1 0.7 -0.3
v 1 0.7 -0.4
v 1 0.7 -0.9
v 1 0.7 -1
v 1 0.7 -1.5
v 1 0.7 -1.6
v 1 0.8 1.8
v 1 0.8 1.7
v 1 0.8 1.2
v 1 0.8 1.1
v 1 0.8 0.6
v 1 0.8 0.5
v 1 0.8 -2.38419e-07
v 1 0.8 -0.1
v 1 0.8 -0.6
v 1 0.8 -0.7
v 1 0.8 -1.2
v 1 0.8 -1.3
v 1 0.8 -1.7
v 1 0.8 -1.8
v -1 0 2
v -1 0.1 2
v -1 0.2 2
v -1 0.3 2
v -1 0.5 2
v -1 0.6 2
v -0.7 0.1 2
v -0.7 0.2 2
v -0.7 0.3 2
v -0.7 0.5 2
v -0.7 0.6 2
v -0.7 0.8 2
v -0.6 0.1 2
v -0.6 0.2 2
v -0.6 0.3 2
v -0.6 0.5 2
v -0.6 0.6 2
v -0.6 0.8 2
v -0.4 0.1 2
v -0.4 0.2 2
v -0.4 0.3 2
v -0.4 0.5 2
v -0.4 0.6 2
v -0.4 0.7 2
v -0.3 0.1 2
v -0.3 0.2 2
v -0.3 0.3 2
v -0.3 0.5 2
v -0.3 0.6 2
v -0.3 0.7 2
v -0.1 0.1 2
v -0.1 0.2 2
v -0.1 0.3 2
v -0.1 0.5 2
v -0.1 0.6 2
v -0.1 0.8 2
v 0 0.1 2
v 0 0.2 2
v 0 0.3 2
v 0 0.5 2
v 0 0.6 2
v 0 0.8 2
v 0.2 0.1 2
v 0.2 0.2 2
v 0.2 0.3 2
v 0.2 0.5 2
v 0.2 0.6 2
v 0.2 0.7 2
v 0.3 0.1 2
v 0.3 0.2 2
v 0.3 0.3 2
v 0.3 0.5 2
v 0.3 0.6 2
v 0.3 0.7 2
v 0.5 0.1 2
v 0.5 0.2 2
v 0.5 0.3 2
v 0.5 0.5 2
v 0.5 0.6 2
v 0.5 0.8 2
v 0.6 0.1 2
v 0.6 0.2 2
v 0.6 0.3 2
v 0.6 0.5 2
v 0.6 0.6 2
v 0.6 0.8 2
v 0.8 0.1 2
v 0.8 0.2 2
v 0.8 0.3 2
v 0.8 0.5 2
v 0.8 0.6 2
v 0.8 0.7 2
v 0.9 0.1 2
v 0.9 0.2 2
v 0.9 0.3 2
v 0.9 0.5 2
v 0.9 0.6 2
v 0.9 0.7 2
v 1 0 2
v 1 0.1 2
v 1 0.2 2
v 1 0.3 2
v 1 0.5 2
v 1 0.6 2
v -1 0.1 1.9
v -1 0.2 1.9
v -1 0.3 1.9
v -1 0.5 1.9
v -1 0.6 1.9
v -1 0.7 1.9
v -0.9 0.1 1.9
v -0.9 0.2 1.9
v -0.9 0.3 1.9
v -0.9 0.4 1.9
v -0.9 0.5 1.9
v -0.9 0.6 1.9
v -0.9 0.7 1.9
v -0.7 0.1 1.9
v -0.7 0.2 1.9
v -0.7 0.3 1.9
v -0.7 0.4 1.9
v -0.6 0.1 1.9
v -0.6 0.2 1.9
v -0.6 0.3 1.9
v -0.6 0.4 1.9
v -0.4 0.1 1.9
v -0.4 0.2 1.9
v -0.4 0.3 1.9
v -0.4 0.4 1.9
v -0.3 0.1 1.9
v -0.3 0.2 1.9
v -0.3 0.3 1.9
v -0.3 0.4 1.9
v -0.1 0.1 1.9
v -0.1 0.2 1.9
v -0.1 0.3 1.9
v -0.1 0.4 1.9
v 0 0.1 1.9
v 0 0.2 1.9
v 0 0.3 1.9
v 0 0.4 1.9
v 0.2 0.1 1.9
v 0.2 0.2 1.9
v 0.2 0.3 1.9
v 0.2 0.4 1.9
v 0.3 0.1 1.9
v 0.3 0.2 1.9
v 0.3 0.3 1.9
v 0.3 0.4 1.9
v 0.5 0.1 1.9
v 0.5 0.2 1.9
v 0.5 0.3 1.9
v 0.5 0.4 1.9
v 0.6 0.1 1.9
v 0.6 0.2 1.9
v 0.6 0.3 1.9
v 0.6 0.4 1.9
v 0.8 0.1 1.9
v 0.8 0.2 1.9
v 0.8 0.3 1.9
v 0.8 0.4 1.9
v 0.9 0.1 1.8
v 0.9 0.2 1.8
v 0.9 0.3 1.8
v 0.9 0.4 1.8
v 0.9 0.5 1.8
v 0.9 0.6 1.8
v 0.9 0.8 1.8
v 1 0.1 1.8
v 1 0.2 1.8
v 1 0.3 1.8
v 1 0.5 1.8
v 1 0.6 1.8
v 1 0.8 1.8
v -0.6 0.6 1.7
v -0.6 0.7 1.7
v -0.6 1.1 1.7
v -0.6 1.2 1.7
v -0.5 0.6 1.7
v -0.5 0.7 1.7
v -0.5 1.1 1.7
v -0.5 1.2 1.7
v -1 0.1 1.6
v -1 0.2 1.6
v -1 0.3 1.6
v -1 0.5 1.6
v -1 0.6 1.6
v -1 0.8 1.6
v -0.9 0.1 1.6
v -0.9 0.2 1.6
v -0.9 0.3 1.6
v -0.9 0.4 1.6
v -0.9 0.5 1.6
v -0.9 0.6 1.6
v -0.9 0.8 1.6
v -0.7 1.1 1.6
v -0.7 1.2 1.6
v -0.6 0.4 1.6
v -0.6 0.6 1.6
v -0.6 0.7 1.6
v -0.6 1.1 1.6
v -0.6 1.2 1.6
v -0.5 0.4 1.6
v -0.5 0.6 1.6
v -0.5 0.7 1.6
v -0.5 1.1 1.6
v -0.5 1.2 1.6
v -0.4 1.1 1.6
v -0.4 1.2 1.6
v 0.6 0.9 1.6
v 0.6 1 1.6
v 0.7 0.9 1.6
v 0.7 1 1.6
v 0 0.7 1.5
v 0 0.8 1.5
v 0.1 0.7 1.5
v 0.1 0.8 1.5
v 0.5 0.6 1.5
v 0.5 0.7 1.5
v 0.5 0.9 1.5
v 0.5 1 1.5
v 0.6 0.4 1.5
v 0.6 0.6 1.5
v 0.6 0.7 1.5
v 0.6 0.9 1.5
v 0.6 1 1.5
v 0.7 0.4 1.5
v 0.7 0.5 1.5
v 0.7 0.6 1.5
v 0.7 0.9 1.5
v 0.7 1 1.5
v 0.8 0.5 1.5
v 0.8 0.6 1.5
v 0.8 0.9 1.5
v 0.8 1 1.5
v 0.9 0.1 1.5
v 0.9 0.2 1.5
v 0.9 0.3 1.5
v 0.9 0.4 1.5
v 0.9 0.5 1.5
v 0.9 0.6 1.5
v 0.9 0.7 1.5
v 1 0.1 1.5
v 1 0.2 1.5
v 1 0.3 1.5
v 1 0.5 1.5
v 1 0.6 1.5
v 1 0.7 1.5
v -0.1 0.7 1.4
v -0.1 0.8 1.4
v 0 0.4 1.4
v 0 0.7 1.4
v 0 0.8 1.4
v 0.1 0.4 1.4
v 0.1 0.5 1.4
v 0.1 0.6 1.4
v 0.1 0.7 1.4
v 0.1 0.8 1.4
v 0.2 0.5 1.4
v 0.2 0.6 1.4
v 0.2 0.7 1.4
v 0.2 0.8 1.4
v -1 0.1 1.3
v -1 0.2 1.3
v -1 0.3 1.3
v -1 0.5 1.3
v -1 0.6 1.3
v -1 0.7 1.3
v -0.9 0.1 1.3
v -0.9 0.2 1.3
v -0.9 0.3 1.3
v -0.9 0.4 1.3
v -0.9 0.5 1.3
v -0.9 0.6 1.3
v -0.9 0.7 1.3
v 0.9 0.1 1.2
v 0.9 0.2 1.2
v 0.9 0.3 1.2
v 0.9 0.4 1.2
v 0.9 0.5 1.2
v 0.9 0.6 1.2
v 0.9 0.8 1.2
v 1 0.1 1.2
v 1 0.2 1.2
v 1 0.3 1.2
v 1 0.5 1.2
v 1 0.6 1.2
v 1 0.8 1.2
v -0.6 0.7 1.1
v -0.6 0.8 1.1
v -0.5 0.7 1.1
v -0.5 0.8 1.1
v -1 0.1 1
v -1 0.2 1
v -1 0.3 1
v -1 0.5 1
v -1 0.6 1
v -1 0.8 1
v -0.9 0.1 1
v -0.9 0.2 1
v -0.9 0.3 1
v -0.9 0.4 1
v -0.9 0.5 1
v -0.9 0.6 1
v -0.9 0.8 1
v -0.7 0.7 1
v -0.7 0.8 1
v -0.6 0.4 1
v -0.6 0.7 1
v -0.6 0.8 1
v -0.5 0.4 1
v -0.5 0.7 1
v -0.5 0.8 1
v -0.4 0.7 1
v -0.4 0.8 1
v 0.9 0.1 0.9
v 0.9 0.2 0.9
v 0.9 0.3 0.9
v 0.9 0.4 0.9
v 0.9 0.5 0.9
v 0.9 0.6 0.9
v 0.9 0.7 0.9
v 1 0.1 0.9
v 1 0.2 0.9
v 1 0.3 0.9
v 1 0.5 0.9
v 1 0.6 0.9
v 1 0.7 0.9
v 0.5 0.7 0.8
v 0.5 0.8 0.8
v 0.6 0.7 0.8
v 0.6 0.8 0.8
v -1 0.1 0.7
v -1 0.2 0.7
v -1 0.3 0.7
v -1 0.5 0.7
v -1 0.6 0.7
v -1 0.7 0.7
v -0.9 0.1 0.7
v -0.9 0.2 0.7
v -0.9 0.3 0.7
v -0.9 0.4 0.7
v -0.9 0.5 0.7
v -0.9 0.6 0.7
v -0.9 0.7 0.7
v 0.4 0.7 0.7
v 0.4 0.8 0.7
v 0.5 0.4 0.7
v 0.5 0.7 0.7
v 0.5 0.8 0.7
v 0.6 0.4 0.7
v 0.6 0.7 0.7
v 0.6 0.8 0.7
v 0.7 0.7 0.7
v 0.7 0.8 0.7
v 0.9 0.1 0.6
v 0.9 0.2 0.6
v 0.9 0.3 0.6
v 0.9 0.4 0.6
v 0.9 0.5 0.6
v 0.9 0.6 0.6
v 0.9 0.8 0.6
v 1 0.1 0.6
v 1 0.2 0.6
v 1 0.3 0.6
v 1 0.5 0.6
v 1 0.6 0.6
v 1 0.8 0.6
v -0.2 0.7 0.5
v -0.2 0.8 0.5
v -0.1 0.7 0.5
v -0.1 0.8 0.5
v -1 0.1 0.4
v -1 0.2 0.4
v -1 0.3 0.4
v -1 0.5 0.4
v -1 0.6 0.4
v -1 0.8 0.4
v -0.9 0.1 0.4
v -0.9 0.2 0.4
v -0.9 0.3 0.4
v -0.9 0.4 0.4
v -0.9 0.5 0.4
v -0.9 0.6 0.4
v -0.9 0.8 0.4
v -0.3 0.5 0.4
v -0.3 0.6 0.4
v -0.3 0.7 0.4
v -0.3 0.8 0.4
v -0.2 0.4 0.4
v -0.2 0.5 0.4
v -0.2 0.6 0.4
v -0.2 0.7 0.4
v -0.2 0.8 0.4
v -0.1 0.4 0.4
v -0.1 0.7 0.4
v -0.1 0.8 0.4
v 0 0.7 0.4
v 0 0.8 0.4
v -0.6 0.5 0.3
v -0.6 0.6 0.3
v -0.6 0.9 0.3
v -0.6 1 0.3
v -0.5 0.5 0.3
v -0.5 0.6 0.3
v -0.5 0.9 0.3
v -0.5 1 0.3
v 0.1 0.6 0.3
v 0.1 0.7 0.3
v 0.1 0.9 0.3
v 0.1 1 0.3
v 0.1 1.1 0.3
v 0.1 1.2 0.3
v 0.2 0.6 0.3
v 0.2 0.7 0.3
v 0.2 0.9 0.3
v 0.2 1 0.3
v 0.2 1.1 0.3
v 0.2 1.2 0.3
v 0.9 0.1 0.3
v 0.9 0.2 0.3
v 0.9 0.3 0.3
v 0.9 0.4 0.3
v 0.9 0.5 0.3
v 0.9 0.6 0.3
v 0.9 0.7 0.3
v 1 0.1 0.3
v 1 0.2 0.3
v 1 0.3 0.3
v 1 0.5 0.3
v 1 0.6 0.3
v 1 0.7 0.3
v -0.7 0.9 0.2
v -0.7 1 0.2
v -0.6 0.4 0.2
v -0.6 0.5 0.2
v -0.6 0.6 0.2
v -0.6 0.9 0.2
v -0.6 1 0.2
v -0.5 0.4 0.2
v -0.5 0.5 0.2
v -0.5 0.6 0.2
v -0.5 0.9 0.2
v -0.5 1 0.2
v -0.4 0.9 0.2
v -0.4 1 0.2
v 0 1.1 0.2
v 0 1.2 0.2
v 0.1 0.4 0.2
v 0.1 0.6 0.2
v 0.1 0.7 0.2
v 0.1 0.9 0.2
v 0.1 1 0.2
v 0.1 1.1 0.2
v 0.1 1.2 0.2
v 0.2 0.4 0.2
v 0.2 0.6 0.2
v 0.2 0.7 0.2
v 0.2 0.9 0.2
v 0.2 1 0.2
v 0.2 1.1 0.2
v 0.2 1.2 0.2
v 0.3 1.1 0.2
v 0.3 1.2 0.2
v -1 0.1 0.0999999
v -1 0.2 0.0999999
v -1 0.3 0.0999999
v -1 0.5 0.0999999
v -1 0.6 0.0999999
v -1 0.7 0.0999999
v -0.9 0.1 0.0999999
v -0.9 0.2 0.0999999
v -0.9 0.3 0.0999999
v -0.9 0.4 0.0999999
v -0.9 0.5 0.0999999
v -0.9 0.6 0.0999999
v -0.9 0.7 0.0999999
v 0.6 0.7 0.0999999
v 0.6 0.8 0.0999999
v 0.7 0.7 0.0999999
v 0.7 0.8 0.0999999
v 0.5 0.7 -2.38419e-07
v 0.5 0.8 -2.38419e-07
v 0.6 0.4 -2.38419e-07
v 0.6 0.7 -2.38419e-07
v 0.6 0.8 -2.38419e-07
v 0.7 0.4 -2.38419e-07
v 0.7 0.5 -2.38419e-07
v 0.7 0.6 -2.38419e-07
v 0.7 0.7 -2.38419e-07
v 0.7 0.8 -2.38419e-07
v 0.8 0.5 -2.38419e-07
v 0.8 0.6 -2.38419e-07
v 0.8 0.7 -2.38419e-07
v 0.8 0.8 -2.38419e-07
v 0.9 0.1 -2.38419e-07
v 0.9 0.2 -2.38419e-07
v 0.9 0.3 -2.38419e-07
v 0.9 0.4 -2.38419e-07
v 0.9 0.5 -2.38419e-07
v 0.9 0.6 -2.38419e-07
v 0.9 0.8 -2.38419e-07
v 1 0.1 -2.38419e-07
v 1 0.2 -2.38419e-07
v 1 0.3 -2.38419e-07
v 1 0.5 -2.38419e-07
v 1 0.6 -2.38419e-07
v 1 0.8 -2.38419e-07
v -1 0.1 -0.2
v -1 0.2 -0.2
v -1 0.3 -0.2
v -1 0.5 -0.2
v -1 0.6 -0.2
v -1 0.8 -0.2
v -0.9 0.1 -0.2
v -0.9 0.2 -0.2
v -0.9 0.3 -0.2
v -0.9 0.4 -0.2
v -0.9 0.5 -0.2
v -0.9 0.6 -0.2
v -0.9 0.8 -0.2
v 0.1 0.7 -0.2
v 0.1 0.8 -0.2
v 0.2 0.7 -0.2
v 0.2 0.8 -0.2
v 0 0.7 -0.3
v 0 0.8 -0.3
v 0.1 0.4 -0.3
v 0.1 0.7 -0.3
v 0.1 0.8 -0.3
v 0.2 0.4 -0.3
v 0.2 0.7 -0.3
v 0.2 0.8 -0.3
v 0.3 0.7 -0.3
v 0.3 0.8 -0.3
v 0.9 0.1 -0.3
v 0.9 0.2 -0.3
v 0.9 0.3 -0.3
v 0.9 0.4 -0.3
v 0.9 0.5 -0.3
v 0.9 0.6 -0.3
v 0.9 0.7 -0.3
v 1 0.1 -0.3
v 1 0.2 -0.3
v 1 0.3 -0.3
v 1 0.5 -0.3
v 1 0.6 -0.3
v 1 0.7 -0.3
v -0.6 0.5 -0.4
v -0.6 0.6 -0.4
v -0.6 0.7 -0.4
v -0.6 0.8 -0.4
v -0.5 0.5 -0.4
v -0.5 0.6 -0.4
v -0.5 0.7 -0.4
v -0.5 0.8 -0.4
v -1 0.1 -0.5
v -1 0.2 -0.5
v -1 0.3 -0.5
v -1 0.5 -0.5
v -1 0.6 -0.5
v -1 0.7 -0.5
v -0.9 0.1 -0.5
v -0.9 0.2 -0.5
v -0.9 0.3 -0.5
v -0.9 0.4 -0.5
v -0.9 0.5 -0.5
v -0.9 0.6 -0.5
v -0.9 0.7 -0.5
v -0.7 0.7 -0.5
v -0.7 0.8 -0.5
v -0.6 0.4 -0.5
v -0.6 0.5 -0.5
v -0.6 0.6 -0.5
v -0.6 0.7 -0.5
v -0.6 0.8 -0.5
v -0.5 0.4 -0.5
v -0.5 0.5 -0.5
v -0.5 0.6 -0.5
v -0.5 0.7 -0.5
v -0.5 0.8 -0.5
v -0.4 0.7 -0.5
v -0.4 0.8 -0.5
v 0.9 0.1 -0.6
v 0.9 0.2 -0.6
v 0.9 0.3 -0.6
v 0.9 0.4 -0.6
v 0.9 0.5 -0.6
v 0.9 0.6 -0.6
v 0.9 0.8 -0.6
v 1 0.1 -0.6
v 1 0.2 -0.6
v 1 0.3 -0.6
v 1 0.5 -0.6
v 1 0.6 -0.6
v 1 0.8 -0.6
v 0.5 0.6 -0.7
v 0.5 0.7 -0.7
v 0.5 0.9 -0.7
v 0.5 1 -0.7
v 0.6 0.6 -0.7
v 0.6 0.7 -0.7
v 0.6 0.9 -0.7
v 0.6 1 -0.7
v -1 0.1 -0.8
v -1 0.2 -0.8
v -1 0.3 -0.8
v -1 0.5 -0.8
v -1 0.6 -0.8
v -1 0.8 -0.8
v -0.9 0.1 -0.8
v -0.9 0.2 -0.8
v -0.9 0.3 -0.8
v -0.9 0.4 -0.8
v -0.9 0.5 -0.8
v -0.9 0.6 -0.8
v -0.9 0.8 -0.8
v -0.4 0.9 -0.8
v -0.4 1 -0.8
v -0.3 0.9 -0.8
v -0.3 1 -0.8
v 0.4 0.9 -0.8
v 0.4 1 -0.8
v 0.5 0.4 -0.8
v 0.5 0.6 -0.8
v 0.5 0.7 -0.8
v 0.5 0.9 -0.8
v 0.5 1 -0.8
v 0.6 0.4 -0.8
v 0.6 0.6 -0.8
v 0.6 0.7 -0.8
v 0.6 0.9 -0.8
v 0.6 1 -0.8
v 0.7 0.9 -0.8
v 0.7 1 -0.8
v -0.5 0.6 -0.9
v -0.5 0.7 -0.9
v -0.5 0.9 -0.9
v -0.5 1 -0.9
v -0.4 0.4 -0.9
v -0.4 0.6 -0.9
v -0.4 0.7 -0.9
v -0.4 0.9 -0.9
v -0.4 1 -0.9
v -0.3 0.4 -0.9
v -0.3 0.5 -0.9
v -0.3 0.6 -0.9
v -0.3 0.9 -0.9
v -0.3 1 -0.9
v -0.2 0.5 -0.9
v -0.2 0.6 -0.9
v -0.2 0.9 -0.9
v -0.2 1 -0.9
v 0.9 0.1 -0.9
v 0.9 0.2 -0.9
v 0.9 0.3 -0.9
v 0.9 0.4 -0.9
v 0.9 0.5 -0.9
v 0.9 0.6 -0.9
v 0.9 0.7 -0.9
v 1 0.1 -0.9
v 1 0.2 -0.9
v 1 0.3 -0.9
v 1 0.5 -0.9
v 1 0.6 -0.9
v 1 0.7 -0.9
v -1 0.1 -1.1
v -1 0.2 -1.1
v -1 0.3 -1.1
v -1 0.5 -1.1
v -1 0.6 -1.1
v -1 0.7 -1.1
v -0.9 0.1 -1.1
v -0.9 0.2 -1.1
v -0.9 0.3 -1.1
v -0.9 0.4 -1.1
v -0.9 0.5 -1.1
v -0.9 0.6 -1.1
v -0.9 0.7 -1.1
v 0.1 0.7 -1.1
v 0.1 0.8 -1.1
v 0.2 0.7 -1.1
v 0.2 0.8 -1.1
v 0 0.7 -1.2
v 0 0.8 -1.2
v 0.1 0.4 -1.2
v 0.1 0.7 -1.2
v 0.1 0.8 -1.2
v 0.2 0.4 -1.2
v 0.2 0.7 -1.2
v 0.2 0.8 -1.2
v 0.3 0.7 -1.2
v 0.3 0.8 -1.2
v 0.9 0.1 -1.2
v 0.9 0.2 -1.2
v 0.9 0.3 -1.2
v 0.9 0.4 -1.2
v 0.9 0.5 -1.2
v 0.9 0.6 -1.2
v 0.9 0.8 -1.2
v 1 0.1 -1.2
v 1 0.2 -1.2
v 1 0.3 -1.2
v 1 0.5 -1.2
v 1 0.6 -1.2
v 1 0.8 -1.2
v -0.6 0.7 -1.3
v -0.6 0.8 -1.3
v -0.5 0.7 -1.3
v -0.5 0.8 -1.3
v -1 0.1 -1.4
v -1 0.2 -1.4
v -1 0.3 -1.4
v -1 0.5 -1.4
v -1 0.6 -1.4
v -1 0.8 -1.4
v -0.9 0.1 -1.4
v -0.9 0.2 -1.4
v -0.9 0.3 -1.4
v -0.9 0.4 -1.4
v -0.9 0.5 -1.4
v -0.9 0.6 -1.4
v -0.9 0.8 -1.4
v -0.7 0.5 -1.4
v -0.7 0.6 -1.4
v -0.7 0.7 -1.4
v -0.7 0.8 -1.4
v -0.6 0.4 -1.4
v -0.6 0.5 -1.4
v -0.6 0.6 -1.4
v -0.6 0.7 -1.4
v -0.6 0.8 -1.4
v -0.5 0.4 -1.4
v -0.5 0.7 -1.4
v -0.5 0.8 -1.4
v -0.4 0.7 -1.4
v -0.4 0.8 -1.4
v 0.6 0.7 -1.4
v 0.6 0.8 -1.4
v 0.7 0.7 -1.4
v 0.7 0.8 -1.4
v -0.1 0.9 -1.5
v -0.1 1 -1.5
v -0.1 1.1 -1.5
v -0.1 1.2 -1.5
v 0 0.9 -1.5
v 0 1 -1.5
v 0 1.1 -1.5
v 0 1.2 -1.5
v 0.5 0.5 -1.5
v 0.5 0.6 -1.5
v 0.5 0.7 -1.5
v 0.5 0.8 -1.5
v 0.6 0.4 -1.5
v 0.6 0.5 -1.5
v 0.6 0.6 -1.5
v 0.6 0.7 -1.5
v 0.6 0.8 -1.5
v 0.7 0.4 -1.5
v 0.7 0.7 -1.5
v 0.7 0.8 -1.5
v 0.8 0.7 -1.5
v 0.8 0.8 -1.5
v 0.9 0.1 -1.5
v 0.9 0.2 -1.5
v 0.9 0.3 -1.5
v 0.9 0.4 -1.5
v 0.9 0.5 -1.5
v 0.9 0.6 -1.5
v 0.9 0.7 -1.5
v 1 0.1 -1.5
v 1 0.2 -1.5
v 1 0.3 -1.5
v 1 0.5 -1.5
v 1 0.6 -1.5
v 1 0.7 -1.5
v -0.2 0.7 -1.6
v -0.2 0.8 -1.6
v -0.2 1.1 -1.6
v -0.2 1.2 -1.6
v -0.1 0.4 -1.6
v -0.1 0.7 -1.6
v -0.1 0.8 -1.6
v -0.1 0.9 -1.6
v -0.1 1 -1.6
v -0.1 1.1 -1.6
v -0.1 1.2 -1.6
v 0 0.4 -1.6
v 0 0.9 -1.6
v 0 1 -1.6
v 0 1.1 -1.6
v 0 1.2 -1.6
v 0.1 1.1 -1.6
v 0.1 1.2 -1.6
v -1 0.1 -1.7
v -1 0.2 -1.7
v -1 0.3 -1.7
v -1 0.5 -1.7
v -1 0.6 -1.7
v -1 0.7 -1.7
v -0.9 0.1 -1.7
v -0.9 0.2 -1.7
v -0.9 0.3 -1.7
v -0.9 0.4 -1.7
v -0.9 0.5 -1.7
v -0.9 0.6 -1.7
v -0.9 0.7 -1.7
v 0.9 0.1 -1.7
v 0.9 0.2 -1.7
v 0.9 0.3 -1.7
v 0.9 0.4 -1.7
v 0.9 0.5 -1.7
v 0.9 0.6 -1.7
v 0.9 0.8 -1.7
v 1 0.1 -1.7
v 1 0.2 -1.7
v 1 0.3 -1.7
v 1 0.5 -1.7
v 1 0.6 -1.7
v 1 0.8 -1.7
v -0.9 0.5 -1.9
v -0.9 0.6 -1.9
v -0.8 0.4 -1.9
v -0.8 0.5 -1.9
v -0.8 0.6 -1.9
v -0.8 0.8 -1.9
v -0.7 0.4 -1.9
v -0.7 0.5 -1.9
v -0.7 0.6 -1.9
v -0.7 0.8 -1.9
v -0.5 0.4 -1.9
v -0.5 0.5 -1.9
v -0.5 0.6 -1.9
v -0.5 0.7 -1.9
v -0.4 0.4 -1.9
v -0.4 0.5 -1.9
v -0.4 0.6 -1.9
v -0.4 0.7 -1.9
v -0.2 0.4 -1.9
v -0.2 0.5 -1.9
v -0.2 0.6 -1.9
v -0.2 0.8 -1.9
v -0.1 0.4 -1.9
v -0.1 0.5 -1.9
v -0.1 0.6 -1.9
v -0.1 0.8 -1.9
v 0.1 0.4 -1.9
v 0.1 0.5 -1.9
v 0.1 0.6 -1.9
v 0.1 0.7 -1.9
v 0.2 0.4 -1.9
v 0.2 0.5 -1.9
v 0.2 0.6 -1.9
v 0.2 0.7 -1.9
v 0.4 0.4 -1.9
v 0.4 0.5 -1.9
v 0.4 0.6 -1.9
v 0.4 0.8 -1.9
v 0.5 0.4 -1.9
v 0.5 0.5 -1.9
v 0.5 0.6 -1.9
v 0.5 0.8 -1.9
v 0.7 0.4 -1.9
v 0.7 0.5 -1.9
v 0.7 0.6 -1.9
v 0.7 0.7 -1.9
v 0.8 0.4 -1.9
v 0.8 0.5 -1.9
v 0.8 0.6 -1.9
v 0.8 0.7 -1.9
v 0.9 0.5 -1.9
v 0.9 0.6 -1.9
v -0.9 0.5 1.9
v -0.9 0.6 1.9
v -0.7 0.4 1.9
v -0.7 0.5 1.9
v -0.7 0.6 1.9
v -0.7 0.8 1.9
v -0.6 0.4 1.9
v -0.6 0.5 1.9
v -0.6 0.6 1.9
v -0.6 0.8 1.9
v -0.4 0.4 1.9
v -0.4 0.5 1.9
v -0.4 0.6 1.9
v -0.4 0.7 1.9
v -0.3 0.4 1.9
v -0.3 0.5 1.9
v -0.3 0.6 1.9
v -0.3 0.7 1.9
v -0.1 0.4 1.9
v -0.1 0.5 1.9
v -0.1 0.6 1.9
v -0.1 0.8 1.9
v 0 0.4 1.9
v 0 0.5 1.9
v 0 0.6 1.9
v 0 0.8 1.9
v 0.2 0.4 1.9
v 0.2 0.5 1.9
v 0.2 0.6 1.9
v 0.2 0.7 1.9
v 0.3 0.4 1.9
v 0.3 0.5 1.9
v 0.3 0.6 1.9
v 0.3 0.7 1.9
v 0.5 0.4 1.9
v 0.5 0.5 1.9
v 0.5 0.6 1.9
v 0.5 0.8 1.9
v 0.6 0.4 1.9
v 0.6 0.5 1.9
v 0.6 0.6 1.9
v 0.6 0.8 1.9
v 0.8 0.4 1.9
v 0.8 0.5 1.9
v 0.8 0.6 1.9
v 0.8 0.7 1.9
v 0.9 0.4 1.9
v 0.9 0.5 1.9
v 0.9 0.6 1.9
v 0.9 0.7 1.9
v -1 0.1 1.8
v -1 0.2 1.8
v -1 0.3 1.8
v -1 0.5 1.8
v -1 0.6 1.8
v -1 0.7 1.8
v -0.9 0.1 1.8
v -0.9 0.2 1.8
v -0.9 0.3 1.8
v -0.9 0.4 1.8
v -0.9 0.5 1.8
v -0.9 0.6 1.8
v -0.9 0.7 1.8
v 0.9 0.1 1.7
v 0.9 0.2 1.7
v 0.9 0.3 1.7
v 0.9 0.4 1.7
v 0.9 0.5 1.7
v 0.9 0.6 1.7
v 0.9 0.8 1.7
v 1 0.1 1.7
v 1 0.2 1.7
v 1 0.3 1.7
v 1 0.5 1.7
v 1 0.6 1.7
v 1 0.8 1.7
v -1 0.1 1.5
v -1 0.2 1.5
v -1 0.3 1.5
v -1 0.5 1.5
v -1 0.6 1.5
v -1 0.8 1.5
v -0.9 0.1 1.5
v -0.9 0.2 1.5
v -0.9 0.3 1.5
v -0.9 0.4 1.5
v -0.9 0.5 1.5
v -0.9 0.6 1.5
v -0.9 0.8 1.5
v -0.7 1.1 1.5
v -0.7 1.2 1.5
v -0.6 0.4 1.5
v -0.6 0.6 1.5
v -0.6 0.7 1.5
v -0.6 0.9 1.5
v -0.6 1 1.5
v -0.6 1.1 1.5
v -0.6 1.2 1.5
v -0.5 0.4 1.5
v -0.5 0.6 1.5
v -0.5 0.7 1.5
v -0.5 0.9 1.5
v -0.5 1 1.5
v -0.5 1.1 1.5
v -0.5 1.2 1.5
v -0.4 1.1 1.5
v -0.4 1.2 1.5
v -0.6 0.6 1.4
v -0.6 0.7 1.4
v -0.6 0.9 1.4
v -0.6 1 1.4
v -0.6 1.1 1.4
v -0.6 1.2 1.4
v -0.5 0.6 1.4
v -0.5 0.7 1.4
v -0.5 0.9 1.4
v -0.5 1 1.4
v -0.5 1.1 1.4
v -0.5 1.2 1.4
v 0.5 0.6 1.4
v 0.5 0.7 1.4
v 0.5 0.9 1.4
v 0.5 1 1.4
v 0.6 0.4 1.4
v 0.6 0.6 1.4
v 0.6 0.7 1.4
v 0.6 0.9 1.4
v 0.6 1 1.4
v 0.7 0.4 1.4
v 0.7 0.5 1.4
v 0.7 0.6 1.4
v 0.7 0.9 1.4
v 0.7 1 1.4
v 0.8 0.5 1.4
v 0.8 0.6 1.4
v 0.8 0.9 1.4
v 0.8 1 1.4
v 0.9 0.1 1.4
v 0.9 0.2 1.4
v 0.9 0.3 1.4
v 0.9 0.4 1.4
v 0.9 0.5 1.4
v 0.9 0.6 1.4
v 0.9 0.7 1.4
v 1 0.1 1.4
v 1 0.2 1.4
v 1 0.3 1.4
v 1 0.5 1.4
v 1 0.6 1.4
v 1 0.7 1.4
v -0.1 0.7 1.3
v -0.1 0.8 1.3
v 0 0.4 1.3
v 0 0.7 1.3
v 0 0.8 1.3
v 0.1 0.4 1.3
v 0.1 0.5 1.3
v 0.1 0.6 1.3
v 0.1 0.7 1.3
v 0.1 0.8 1.3
v 0.2 0.5 1.3
v 0.2 0.6 1.3
v 0.2 0.7 1.3
v 0.2 0.8 1.3
v 0.6 0.9 1.3
v 0.6 1 1.3
v 0.7 0.9 1.3
v 0.7 1 1.3
v -1 0.1 1.2
v -1 0.2 1.2
v -1 0.3 1.2
v -1 0.5 1.2
v -1 0.6 1.2
v -1 0.7 1.2
v -0.9 0.1 1.2
v -0.9 0.2 1.2
v -0.9 0.3 1.2
v -0.9 0.4 1.2
v -0.9 0.5 1.2
v -0.9 0.6 1.2
v -0.9 0.7 1.2
v 0 0.7 1.2
v 0 0.8 1.2
v 0.1 0.7 1.2
v 0.1 0.8 1.2
v 0.9 0.1 1.1
v 0.9 0.2 1.1
v 0.9 0.3 1.1
v 0.9 0.4 1.1
v 0.9 0.5 1.1
v 0.9 0.6 1.1
v 0.9 0.8 1.1
v 1 0.1 1.1
v 1 0.2 1.1
v 1 0.3 1.1
v 1 0.5 1.1
v 1 0.6 1.1
v 1 0.8 1.1
v -1 0.1 0.9
v -1 0.2 0.9
v -1 0.3 0.9
v -1 0.5 0.9
v -1 0.6 0.9
v -1 0.8 0.9
v -0.9 0.1 0.9
v -0.9 0.2 0.9
v -0.9 0.3 0.9
v -0.9 0.4 0.9
v -0.9 0.5 0.9
v -0.9 0.6 0.9
v -0.9 0.8 0.9
v -0.7 0.7 0.9
v -0.7 0.8 0.9
v -0.6 0.4 0.9
v -0.6 0.5 0.9
v -0.6 0.6 0.9
v -0.6 0.7 0.9
v -0.6 0.8 0.9
v -0.5 0.4 0.9
v -0.5 0.5 0.9
v -0.5 0.6 0.9
v -0.5 0.7 0.9
v -0.5 0.8 0.9
v -0.4 0.7 0.9
v -0.4 0.8 0.9
v -0.6 0.5 0.8
v -0.6 0.6 0.8
v -0.6 0.7 0.8
v -0.6 0.8 0.8
v -0.5 0.5 0.8
v -0.5 0.6 0.8
v -0.5 0.7 0.8
v -0.5 0.8 0.8
v 0.9 0.1 0.8
v 0.9 0.2 0.8
v 0.9 0.3 0.8
v 0.9 0.4 0.8
v 0.9 0.5 0.8
v 0.9 0.6 0.8
v 0.9 0.7 0.8
v 1 0.1 0.8
v 1 0.2 0.8
v 1 0.3 0.8
v 1 0.5 0.8
v 1 0.6 0.8
v 1 0.7 0.8
v -1 0.1 0.6
v -1 0.2 0.6
v -1 0.3 0.6
v -1 0.5 0.6
v -1 0.6 0.6
v -1 0.7 0.6
v -0.9 0.1 0.6
v -0.9 0.2 0.6
v -0.9 0.3 0.6
v -0.9 0.4 0.6
v -0.9 0.5 0.6
v -0.9 0.6 0.6
v -0.9 0.7 0.6
v 0.4 0.7 0.6
v 0.4 0.8 0.6
v 0.5 0.4 0.6
v 0.5 0.5 0.6
v 0.5 0.6 0.6
v 0.5 0.7 0.6
v 0.5 0.8 0.6
v 0.6 0.4 0.6
v 0.6 0.5 0.6
v 0.6 0.6 0.6
v 0.6 0.7 0.6
v 0.6 0.8 0.6
v 0.7 0.7 0.6
v 0.7 0.8 0.6
v 0.5 0.5 0.5
v 0.5 0.6 0.5
v 0.5 0.7 0.5
v 0.5 0.8 0.5
v 0.6 0.5 0.5
v 0.6 0.6 0.5
v 0.6 0.7 0.5
v 0.6 0.8 0.5
v 0.9 0.1 0.5
v 0.9 0.2 0.5
v 0.9 0.3 0.5
v 0.9 0.4 0.5
v 0.9 0.5 0.5
v 0.9 0.6 0.5
v 0.9 0.8 0.5
v 1 0.1 0.5
v 1 0.2 0.5
v 1 0.3 0.5
v 1 0.5 0.5
v 1 0.6 0.5
v 1 0.8 0.5
v -1 0.1 0.3
v -1 0.2 0.3
v -1 0.3 0.3
v -1 0.5 0.3
v -1 0.6 0.3
v -1 0.8 0.3
v -0.9 0.1 0.3
v -0.9 0.2 0.3
v -0.9 0.3 0.3
v -0.9 0.4 0.3
v -0.9 0.5 0.3
v -0.9 0.6 0.3
v -0.9 0.8 0.3
v -0.3 0.5 0.3
v -0.3 0.6 0.3
v -0.3 0.7 0.3
v -0.3 0.8 0.3
v -0.2 0.4 0.3
v -0.2 0.5 0.3
v -0.2 0.6 0.3
v -0.2 0.7 0.3
v -0.2 0.8 0.3
v -0.1 0.4 0.3
v -0.1 0.7 0.3
v -0.1 0.8 0.3
v 0 0.7 0.3
v 0 0.8 0.3
v -0.2 0.7 0.2
v -0.2 0.8 0.2
v -0.1 0.7 0.2
v -0.1 0.8 0.2
v 0.9 0.1 0.2
v 0.9 0.2 0.2
v 0.9 0.3 0.2
v 0.9 0.4 0.2
v 0.9 0.5 0.2
v 0.9 0.6 0.2
v 0.9 0.7 0.2
v 1 0.1 0.2
v 1 0.2 0.2
v 1 0.3 0.2
v 1 0.5 0.2
v 1 0.6 0.2
v 1 0.7 0.2
v -0.7 0.9 0.0999999
v -0.7 1 0.0999999
v -0.6 0.4 0.0999999
v -0.6 0.7 0.0999999
v -0.6 0.8 0.0999999
v -0.6 0.9 0.0999999
v -0.6 1 0.0999999
v -0.5 0.4 0.0999999
v -0.5 0.7 0.0999999
v -0.5 0.8 0.0999999
v -0.5 0.9 0.0999999
v -0.5 1 0.0999999
v -0.4 0.9 0.0999999
v -0.4 1 0.0999999
v 0 1.1 0.0999999
v 0 1.2 0.0999999
v 0.1 0.4 0.0999999
v 0.1 0.7 0.0999999
v 0.1 0.8 0.0999999
v 0.1 1.1 0.0999999
v 0.1 1.2 0.0999999
v 0.2 0.4 0.0999999
v 0.2 0.7 0.0999999
v 0.2 0.8 0.0999999
v 0.2 1.1 0.0999999
v 0.2 1.2 0.0999999
v 0.3 1.1 0.0999999
v 0.3 1.2 0.0999999
v -1 0.1 -2.38419e-07
v -1 0.2 -2.38419e-07
v -1 0.3 -2.38419e-07
v -1 0.5 -2.38419e-07
v -1 0.6 -2.38419e-07
v -1 0.7 -2.38419e-07
v -0.9 0.1 -2.38419e-07
v -0.9 0.2 -2.38419e-07
v -0.9 0.3 -2.38419e-07
v -0.9 0.4 -2.38419e-07
v -0.9 0.5 -2.38419e-07
v -0.9 0.6 -2.38419e-07
v -0.9 0.7 -2.38419e-07
v -0.6 0.7 -2.38419e-07
v -0.6 0.8 -2.38419e-07
v -0.6 0.9 -2.38419e-07
v -0.6 1 -2.38419e-07
v -0.5 0.7 -2.38419e-07
v -0.5 0.8 -2.38419e-07
v -0.5 0.9 -2.38419e-07
v -0.5 1 -2.38419e-07
v 0.1 0.7 -2.38419e-07
v 0.1 0.8 -2.38419e-07
v 0.1 1.1 -2.38419e-07
v 0.1 1.2 -2.38419e-07
v 0.2 0.7 -2.38419e-07
v 0.2 0.8 -2.38419e-07
v 0.2 1.1 -2.38419e-07
v 0.2 1.2 -2.38419e-07
v 0.5 0.7 -0.1
v 0.5 0.8 -0.1
v 0.6 0.4 -0.1
v 0.6 0.7 -0.1
v 0.6 0.8 -0.1
v 0.7 0.4 -0.1
v 0.7 0.5 -0.1
v 0.7 0.6 -0.1
v 0.7 0.7 -0.1
v 0.7 0.8 -0.1
v 0.8 0.5 -0.1
v 0.8 0.6 -0.1
v 0.8 0.7 -0.1
v 0.8 0.8 -0.1
v 0.9 0.1 -0.1
v 0.9 0.2 -0.1
v 0.9 0.3 -0.1
v 0.9 0.4 -0.1
v 0.9 0.5 -0.1
v 0.9 0.6 -0.1
v 0.9 0.8 -0.1
v 1 0.1 -0.1
v 1 0.2 -0.1
v 1 0.3 -0.1
v 1 0.5 -0.1
v 1 0.6 -0.1
v 1 0.8 -0.1
v 0.6 0.7 -0.2
v 0.6 0.8 -0.2
v 0.7 0.7 -0.2
v 0.7 0.8 -0.2
v -1 0.1 -0.3
v -1 0.2 -0.3
v -1 0.3 -0.3
v -1 0.5 -0.3
v -1 0.6 -0.3
v -1 0.8 -0.3
v -0.9 0.1 -0.3
v -0.9 0.2 -0.3
v -0.9 0.3 -0.3
v -0.9 0.4 -0.3
v -0.9 0.5 -0.3
v -0.9 0.6 -0.3
v -0.9 0.8 -0.3
v 0 0.7 -0.4
v 0 0.8 -0.4
v 0.1 0.4 -0.4
v 0.1 0.5 -0.4
v 0.1 0.6 -0.4
v 0.1 0.7 -0.4
v 0.1 0.8 -0.4
v 0.2 0.4 -0.4
v 0.2 0.5 -0.4
v 0.2 0.6 -0.4
v 0.2 0.7 -0.4
v 0.2 0.8 -0.4
v 0.3 0.7 -0.4
v 0.3 0.8 -0.4
v 0.9 0.1 -0.4
v 0.9 0.2 -0.4
v 0.9 0.3 -0.4
v 0.9 0.4 -0.4
v 0.9 0.5 -0.4
v 0.9 0.6 -0.4
v 0.9 0.7 -0.4
v 1 0.1 -0.4
v 1 0.2 -0.4
v 1 0.3 -0.4
v 1 0.5 -0.4
v 1 0.6 -0.4
v 1 0.7 -0.4
v 0.1 0.5 -0.5
v 0.1 0.6 -0.5
v 0.1 0.7 -0.5
v 0.1 0.8 -0.5
v 0.2 0.5 -0.5
v 0.2 0.6 -0.5
v 0.2 0.7 -0.5
v 0.2 0.8 -0.5
v -1 0.1 -0.6
v -1 0.2 -0.6
v -1 0.3 -0.6
v -1 0.5 -0.6
v -1 0.6 -0.6
v -1 0.7 -0.6
v -0.9 0.1 -0.6
v -0.9 0.2 -0.6
v -0.9 0.3 -0.6
v -0.9 0.4 -0.6
v -0.9 0.5 -0.6
v -0.9 0.6 -0.6
v -0.9 0.7 -0.6
v -0.7 0.7 -0.6
v -0.7 0.8 -0.6
v -0.6 0.4 -0.6
v -0.6 0.7 -0.6
v -0.6 0.8 -0.6
v -0.5 0.4 -0.6
v -0.5 0.7 -0.6
v -0.5 0.8 -0.6
v -0.4 0.7 -0.6
v -0.4 0.8 -0.6
v -0.6 0.7 -0.7
v -0.6 0.8 -0.7
v -0.5 0.7 -0.7
v -0.5 0.8 -0.7
v 0.9 0.1 -0.7
v 0.9 0.2 -0.7
v 0.9 0.3 -0.7
v 0.9 0.4 -0.7
v 0.9 0.5 -0.7
v 0.9 0.6 -0.7
v 0.9 0.8 -0.7
v 1 0.1 -0.7
v 1 0.2 -0.7
v 1 0.3 -0.7
v 1 0.5 -0.7
v 1 0.6 -0.7
v 1 0.8 -0.7
v -1 0.1 -0.9
v -1 0.2 -0.9
v -1 0.3 -0.9
v -1 0.5 -0.9
v -1 0.6 -0.9
v -1 0.8 -0.9
v -0.9 0.1 -0.9
v -0.9 0.2 -0.9
v -0.9 0.3 -0.9
v -0.9 0.4 -0.9
v -0.9 0.5 -0.9
v -0.9 0.6 -0.9
v -0.9 0.8 -0.9
v 0.4 0.9 -0.9
v 0.4 1 -0.9
v 0.5 0.4 -0.9
v 0.5 0.7 -0.9
v 0.5 0.8 -0.9
v 0.5 0.9 -0.9
v 0.5 1 -0.9
v 0.6 0.4 -0.9
v 0.6 0.7 -0.9
v 0.6 0.8 -0.9
v 0.6 0.9 -0.9
v 0.6 1 -0.9
v 0.7 0.9 -0.9
v 0.7 1 -0.9
v -0.5 0.6 -1
v -0.5 0.7 -1
v -0.5 0.9 -1
v -0.5 1 -1
v -0.4 0.4 -1
v -0.4 0.6 -1
v -0.4 0.7 -1
v -0.4 0.9 -1
v -0.4 1 -1
v -0.3 0.4 -1
v -0.3 0.5 -1
v -0.3 0.6 -1
v -0.3 0.9 -1
v -0.3 1 -1
v -0.2 0.5 -1
v -0.2 0.6 -1
v -0.2 0.9 -1
v -0.2 1 -1
v 0.5 0.7 -1
v 0.5 0.8 -1
v 0.5 0.9 -1
v 0.5 1 -1
v 0.6 0.7 -1
v 0.6 0.8 -1
v 0.6 0.9 -1
v 0.6 1 -1
v 0.9 0.1 -1
v 0.9 0.2 -1
v 0.9 0.3 -1
v 0.9 0.4 -1
v 0.9 0.5 -1
v 0.9 0.6 -1
v 0.9 0.7 -1
v 1 0.1 -1
v 1 0.2 -1
v 1 0.3 -1
v 1 0.5 -1
v 1 0.6 -1
v 1 0.7 -1
v -0.4 0.9 -1.1
v -0.4 1 -1.1
v -0.3 0.9 -1.1
v -0.3 1 -1.1
v -1 0.1 -1.2
v -1 0.2 -1.2
v -1 0.3 -1.2
v -1 0.5 -1.2
v -1 0.6 -1.2
v -1 0.7 -1.2
v -0.9 0.1 -1.2
v -0.9 0.2 -1.2
v -0.9 0.3 -1.2
v -0.9 0.4 -1.2
v -0.9 0.5 -1.2
v -0.9 0.6 -1.2
v -0.9 0.7 -1.2
v 0 0.7 -1.3
v 0 0.8 -1.3
v 0.1 0.4 -1.3
v 0.1 0.7 -1.3
v 0.1 0.8 -1.3
v 0.2 0.4 -1.3
v 0.2 0.7 -1.3
v 0.2 0.8 -1.3
v 0.3 0.7 -1.3
v 0.3 0.8 -1.3
v 0.9 0.1 -1.3
v 0.9 0.2 -1.3
v 0.9 0.3 -1.3
v 0.9 0.4 -1.3
v 0.9 0.5 -1.3
v 0.9 0.6 -1.3
v 0.9 0.8 -1.3
v 1 0.1 -1.3
v 1 0.2 -1.3
v 1 0.3 -1.3
v 1 0.5 -1.3
v 1 0.6 -1.3
v 1 0.8 -1.3
v 0.1 0.7 -1.4
v 0.1 0.8 -1.4
v 0.2 0.7 -1.4
v 0.2 0.8 -1.4
v -1 0.1 -1.5
v -1 0.2 -1.5
v -1 0.3 -1.5
v -1 0.5 -1.5
v -1 0.6 -1.5
v -1 0.8 -1.5
v -0.9 0.1 -1.5
v -0.9 0.2 -1.5
v -0.9 0.3 -1.5
v -0.9 0.4 -1.5
v -0.9 0.5 -1.5
v -0.9 0.6 -1.5
v -0.9 0.8 -1.5
v -0.7 0.5 -1.5
v -0.7 0.6 -1.5
v -0.7 0.7 -1.5
v -0.7 0.8 -1.5
v -0.6 0.4 -1.5
v -0.6 0.5 -1.5
v -0.6 0.6 -1.5
v -0.6 0.7 -1.5
v -0.6 0.8 -1.5
v -0.5 0.4 -1.5
v -0.5 0.7 -1.5
v -0.5 0.8 -1.5
v -0.4 0.7 -1.5
v -0.4 0.8 -1.5
v -0.6 0.7 -1.6
v -0.6 0.8 -1.6
v -0.5 0.7 -1.6
v -0.5 0.8 -1.6
v 0.5 0.5 -1.6
v 0.5 0.6 -1.6
v 0.5 0.7 -1.6
v 0.5 0.8 -1.6
v 0.6 0.4 -1.6
v 0.6 0.5 -1.6
v 0.6 0.6 -1.6
v 0.6 0.7 -1.6
v 0.6 0.8 -1.6
v 0.7 0.4 -1.6
v 0.7 0.7 -1.6
v 0.7 0.8 -1.6
v 0.8 0.7 -1.6
v 0.8 0.8 -1.6
v 0.9 0.1 -1.6
v 0.9 0.2 -1.6
v 0.9 0.3 -1.6
v 0.9 0.4 -1.6
v 0.9 0.5 -1.6
v 0.9 0.6 -1.6
v 0.9 0.7 -1.6
v 1 0.1 -1.6
v 1 0.2 -1.6
v 1 0.3 -1.6
v 1 0.5 -1.6
v 1 0.6 -1.6
v 1 0.7 -1.6
v -0.2 0.7 -1.7
v -0.2 0.8 -1.7
v -0.2 1.1 -1.7
v -0.2 1.2 -1.7
v -0.1 0.4 -1.7
v -0.1 0.7 -1.7
v -0.1 0.8 -1.7
v -0.1 0.9 -1.7
v -0.1 1 -1.7
v -0.1 1.1 -1.7
v -0.1 1.2 -1.7
v 0 0.4 -1.7
v 0 0.9 -1.7
v 0 1 -1.7
v 0 1.1 -1.7
v 0 1.2 -1.7
v 0.1 1.1 -1.7
v 0.1 1.2 -1.7
v 0.6 0.7 -1.7
v 0.6 0.8 -1.7
v 0.7 0.7 -1.7
v 0.7 0.8 -1.7
v -1 0.1 -1.8
v -1 0.2 -1.8
v -1 0.3 -1.8
v -1 0.5 -1.8
v -1 0.6 -1.8
v -1 0.7 -1.8
v -0.9 0.1 -1.8
v -0.9 0.2 -1.8
v -0.9 0.3 -1.8
v -0.9 0.4 -1.8
v -0.9 0.5 -1.8
v -0.9 0.6 -1.8
v -0.9 0.7 -1.8
v -0.1 0.9 -1.8
v -0.1 1 -1.8
v -0.1 1.1 -1.8
v -0.1 1.2 -1.8
v 0 0.9 -1.8
v 0 1 -1.8
v 0 1.1 -1.8
v 0 1.2 -1.8
v 0.9 0.1 -1.8
v 0.9 0.2 -1.8
v 0.9 0.3 -1.8
v 0.9 0.4 -1.8
v 0.9 0.5 -1.8
v 0.9 0.6 -1.8
v 0.9 0.8 -1.8
v 1 0.1 -1.8
v 1 0.2 -1.8
v 1 0.3 -1.8
v 1 0.5 -1.8
v 1 0.6 -1.8
v 1 0.8 -1.8
v -0.9 0.1 -1.9
v -0.9 0.2 -1.9
v -0.9 0.3 -1.9
v -0.9 0.4 -1.9
v -0.8 0.1 -1.9
v -0.8 0.2 -1.9
v -0.8 0.3 -1.9
v -0.8 0.4 -1.9
v -0.7 0.1 -1.9
v -0.7 0.2 -1.9
v -0.7 0.3 -1.9
v -0.7 0.4 -1.9
v -0.5 0.1 -1.9
v -0.5 0.2 -1.9
v -0.5 0.3 -1.9
v -0.5 0.4 -1.9
v -0.4 0.1 -1.9
v -0.4 0.2 -1.9
v -0.4 0.3 -1.9
v -0.4 0.4 -1.9
v -0.2 0.1 -1.9
v -0.2 0.2 -1.9
v -0.2 0.3 -1.9
v -0.2 0.4 -1.9
v -0.1 0.1 -1.9
v -0.1 0.2 -1.9
v -0.1 0.3 -1.9
v -0.1 0.4 -1.9
v 0.1 0.1 -1.9
v 0.1 0.2 -1.9
v 0.1 0.3 -1.9
v 0.1 0.4 -1.9
v 0.2 0.1 -1.9
v 0.2 0.2 -1.9
v 0.2 0.3 -1.9
v 0.2 0.4 -1.9
v 0.4 0.1 -1.9
v 0.4 0.2 -1.9
v 0.4 0.3 -1.9
v 0.4 0.4 -1.9
v 0.5 0.1 -1.9
v 0.5 0.2 -1.9
v 0.5 0.3 -1.9
v 0.5 0.4 -1.9
v 0.7 0.1 -1.9
v 0.7 0.2 -1.9
v 0.7 0.3 -1.9
v 0.7 0.4 -1.9
v 0.8 0.1 -1.9
v 0.8 0.2 -1.9
v 0.8 0.3 -1.9
v 0.8 0.4 -1.9
v 0.9 0.1 -1.9
v 0.9 0.2 -1.9
v 0.9 0.3 -1.9
v 0.9 0.4 -1.9
v -1 0 -2
v -1 0.1 -2
v -1 0.2 -2
v -1 0.3 -2
v -1 0.5 -2
v -1 0.6 -2
v -0.8 0.1 -2
v -0.8 0.2 -2
v -0.8 0.3 -2
v -0.8 0.5 -2
v -0.8 0.6 -2
v -0.8 0.8 -2
v -0.7 0.1 -2
v -0.7 0.2 -2
v -0.7 0.3 -2
v -0.7 0.5 -2
v -0.7 0.6 -2
v -0.7 0.8 -2
v -0.5 0.1 -2
v -0.5 0.2 -2
v -0.5 0.3 -2
v -0.5 0.5 -2
v -0.5 0.6 -2
v -0.5 0.7 -2
v -0.4 0.1 -2
v -0.4 0.2 -2
v -0.4 0.3 -2
v -0.4 0.5 -2
v -0.4 0.6 -2
v -0.4 0.7 -2
v -0.2 0.1 -2
v -0.2 0.2 -2
v -0.2 0.3 -2
v -0.2 0.5 -2
v -0.2 0.6 -2
v -0.2 0.8 -2
v -0.1 0.1 -2
v -0.1 0.2 -2
v -0.1 0.3 -2
v -0.1 0.5 -2
v -0.1 0.6 -2
v -0.1 0.8 -2
v 0.1 0.1 -2
v 0.1 0.2 -2
v 0.1 0.3 -2
v 0.1 0.5 -2
v 0.1 0.6 -2
v 0.1 0.7 -2
v 0.2 0.1 -2
v 0.2 0.2 -2
v 0.2 0.3 -2
v 0.2 0.5 -2
v 0.2 0.6 -2
v 0.2 0.7 -2
v 0.4 0.1 -2
v 0.4 0.2 -2
v 0.4 0.3 -2
v 0.4 0.5 -2
v 0.4 0.6 -2
v 0.4 0.8 -2
v 0.5 0.1 -2
v 0.5 0.2 -2
v 0.5 0.3 -2
v 0.5 0.5 -2
v 0.5 0.6 -2
v 0.5 0.8 -2
v 0.7 0.1 -2
v 0.7 0.2 -2
v 0.7 0.3 -2
v 0.7 0.5 -2
v 0.7 0.6 -2
v 0.7 0.7 -2
v 0.8 0.1 -2
v 0.8 0.2 -2
v 0.8 0.3 -2
v 0.8 0.5 -2
v 0.8 0.6 -2
v 0.8 0.7 -2
v 1 0 -2
v 1 0.1 -2
v 1 0.2 -2
v 1 0.3 -2
v 1 0.5 -2
v 1 0.6 -2
v -1 0 2
v 1 0 2
v -1 0 -2
v 1 0 -2
v -1 0.2 2
v -0.7 0.2 2
v -0.6 0.2 2
v -0.4 0.2 2
v -0.3 0.2 2
v -0.1 0.2 2
v 0 0.2 2
v 0.2 0.2 2
v 0.3 0.2 2
v 0.5 0.2 2
v 0.6 0.2 2
v 0.8 0.2 2
v 0.9 0.2 2
v 1 0.2 2
v -1 0.2 1.9
v -0.9 0.2 1.9
v -0.7 0.2 1.9
v -0.6 0.2 1.9
v -0.4 0.2 1.9
v -0.3 0.2 1.9
v -0.1 0.2 1.9
v 0 0.2 1.9
v 0.2 0.2 1.9
v 0.3 0.2 1.9
v 0.5 0.2 1.9
v 0.6 0.2 1.9
v 0.8 0.2 1.9
v 0.9 0.2 1.9
v -1 0.2 1.8
v -0.9 0.2 1.8
v 0.9 0.2 1.8
v 1 0.2 1.8
v 0.9 0.2 1.7
v 1 0.2 1.7
v -1 0.2 1.6
v -0.9 0.2 1.6
v -1 0.2 1.5
v -0.9 0.2 1.5
v 0.9 0.2 1.5
v 1 0.2 1.5
v 0.9 0.2 1.4
v 1 0.2 1.4
v -1 0.2 1.3
v -0.9 0.2 1.3
v -1 0.2 1.2
v -0.9 0.2 1.2
v 0.9 0.2 1.2
v 1 0.2 1.2
v 0.9 0.2 1.1
v 1 0.2 1.1
v -1 0.2 1
v -0.9 0.2 1
v -1 0.2 0.9
v -0.9 0.2 0.9
v 0.9 0.2 0.9
v 1 0.2 0.9
v 0.9 0.2 0.8
v 1 0.2 0.8
v -1 0.2 0.7
v -0.9 0.2 0.7
v -1 0.2 0.6
v -0.9 0.2 0.6
v 0.9 0.2 0.6
v 1 0.2 0.6
v 0.9 0.2 0.5
v 1 0.2 0.5
v -1 0.2 0.4
v -0.9 0.2 0.4
v -1 0.2 0.3
v -0.9 0.2 0.3
v 0.9 0.2 0.3
v 1 0.2 0.3
v 0.9 0.2 0.2
v 1 0.2 0.2
v -1 0.2 0.0999999
v -0.9 0.2 0.0999999
v -1 0.2 -2.38419e-07
v -0.9 0.2 -2.38419e-07
v 0.9 0.2 -2.38419e-07
v 1 0.2 -2.38419e-07
v 0.9 0.2 -0.1
v 1 0.2 -0.1
v -1 0.2 -0.2
v -0.9 0.2 -0.2
v -1 0.2 -0.3
v -0.9 0.2 -0.3
v 0.9 0.2 -0.3
v 1 0.2 -0.3
v 0.9 0.2 -0.4
v 1 0.2 -0.4
v -1 0.2 -0.5
v -0.9 0.2 -0.5
v -1 0.2 -0.6
v -0.9 0.2 -0.6
v 0.9 0.2 -0.6
v 1 0.2 -0.6
v 0.9 0.2 -0.7
v 1 0.2 -0.7
v -1 0.2 -0.8
v -0.9 0.2 -0.8
v -1 0.2 -0.9
v -0.9 0.2 -0.9
v 0.9 0.2 -0.9
v 1 0.2 -0.9
v 0.9 0.2 -1
v 1 0.2 -1
v -1 0.2 -1.1
v -0.9 0.2 -1.1
v -1 0.2 -1.2
v -0.9 0.2 -1.2
v 0.9 0.2 -1.2
v 1 0.2 -1.2
v 0.9 0.2 -1.3
v 1 0.2 -1.3
v -1 0.2 -1.4
v -0.9 0.2 -1.4
v -1 0.2 -1.5
v -0.9 0.2 -1.5
v 0.9 0.2 -1.5
v 1 0.2 -1.5
v 0.9 0.2 -1.6
v 1 0.2 -1.6
v -1 0.2 -1.7
v -0.9 0.2 -1.7
v 0.9 0.2 -1.7
v 1 0.2 -1.7
v -1 0.2 -1.8
v -0.9 0.2 -1.8
v 0.9 0.2 -1.8
v 1 0.2 -1.8
v -0.9 0.2 -1.9
v -0.8 0.2 -1.9
v -0.7 0.2 -1.9
v -0.5 0.2 -1.9
v -0.4 0.2 -1.9
v -0.2 0.2 -1.9
v -0.1 0.2 -1.9
v 0.1 0.2 -1.9
v 0.2 0.2 -1.9
v 0.4 0.2 -1.9
v 0.5 0.2 -1.9
v 0.7 0.2 -1.9
v 0.8 0.2 -1.9
v 0.9 0.2 -1.9
v -1 0.2 -2
v -0.8 0.2 -2
v -0.7 0.2 -2
v -0.5 0.2 -2
v -0.4 0.2 -2
v -0.2 0.2 -2
v -0.1 0.2 -2
v 0.1 0.2 -2
v 0.2 0.2 -2
v 0.4 0.2 -2
v 0.5 0.2 -2
v 0.7 0.2 -2
v 0.8 0.2 -2
v 1 0.2 -2
v -1 0.5 2
v -0.7 0.5 2
v -0.6 0.5 2
v -0.4 0.5 2
v -0.3 0.5 2
v -0.1 0.5 2
v 0 0.5 2
v 0.2 0.5 2
v 0.3 0.5 2
v 0.5 0.5 2
v 0.6 0.5 2
v 0.8 0.5 2
v 0.9 0.5 2
v 1 0.5 2
v -1 0.5 1.9
v -0.9 0.5 1.9
v -0.7 0.5 1.9
v -0.6 0.5 1.9
v -0.4 0.5 1.9
v -0.3 0.5 1.9
v -0.1 0.5 1.9
v 0 0.5 1.9
v 0.2 0.5 1.9
v 0.3 0.5 1.9
v 0.5 0.5 1.9
v 0.6 0.5 1.9
v 0.8 0.5 1.9
v 0.9 0.5 1.9
v -1 0.5 1.8
v -0.9 0.5 1.8
v 0.9 0.5 1.8
v 1 0.5 1.8
v 0.9 0.5 1.7
v 1 0.5 1.7
v -1 0.5 1.6
v -0.9 0.5 1.6
v -1 0.5 1.5
v -0.9 0.5 1.5
v 0.7 0.5 1.5
v 0.8 0.5 1.5
v 0.9 0.5 1.5
v 1 0.5 1.5
v 0.1 0.5 1.4
v 0.2 0.5 1.4
v 0.7 0.5 1.4
v 0.8 0.5 1.4
v 0.9 0.5 1.4
v 1 0.5 1.4
v -1 0.5 1.3
v -0.9 0.5 1.3
v 0.1 0.5 1.3
v 0.2 0.5 1.3
v -1 0.5 1.2
v -0.9 0.5 1.2
v 0.9 0.5 1.2
v 1 0.5 1.2
v 0.9 0.5 1.1
v 1 0.5 1.1
v -1 0.5 1
v -0.9 0.5 1
v -1 0.5 0.9
v -0.9 0.5 0.9
v -0.6 0.5 0.9
v -0.5 0.5 0.9
v 0.9 0.5 0.9
v 1 0.5 0.9
v -0.6 0.5 0.8
v -0.5 0.5 0.8
v 0.9 0.5 0.8
v 1 0.5 0.8
v -1 0.5 0.7
v -0.9 0.5 0.7
v -1 0.5 0.6
v -0.9 0.5 0.6
v 0.5 0.5 0.6
v 0.6 0.5 0.6
v 0.9 0.5 0.6
v 1 0.5 0.6
v 0.5 0.5 0.5
v 0.6 0.5 0.5
v 0.9 0.5 0.5
v 1 0.5 0.5
v -1 0.5 0.4
v -0.9 0.5 0.4
v -0.3 0.5 0.4
v -0.2 0.5 0.4
v -1 0.5 0.3
v -0.9 0.5 0.3
v -0.6 0.5 0.3
v -0.5 0.5 0.3
v -0.3 0.5 0.3
v -0.2 0.5 0.3
v 0.9 0.5 0.3
v 1 0.5 0.3
v -0.6 0.5 0.2
v -0.5 0.5 0.2
v 0.9 0.5 0.2
v 1 0.5 0.2
v -1 0.5 0.0999999
v -0.9 0.5 0.0999999
v -1 0.5 -2.38419e-07
v -0.9 0.5 -2.38419e-07
v 0.7 0.5 -2.38419e-07
v 0.8 0.5 -2.38419e-07
v 0.9 0.5 -2.38419e-07
v 1 0.5 -2.38419e-07
v 0.7 0.5 -0.1
v 0.8 0.5 -0.1
v 0.9 0.5 -0.1
v 1 0.5 -0.1
v -1 0.5 -0.2
v -0.9 0.5 -0.2
v -1 0.5 -0.3
v -0.9 0.5 -0.3
v 0.9 0.5 -0.3
v 1 0.5 -0.3
v -0.6 0.5 -0.4
v -0.5 0.5 -0.4
v 0.1 0.5 -0.4
v 0.2 0.5 -0.4
v 0.9 0.5 -0.4
v 1 0.5 -0.4
v -1 0.5 -0.5
v -0.9 0.5 -0.5
v -0.6 0.5 -0.5
v -0.5 0.5 -0.5
v 0.1 0.5 -0.5
v 0.2 0.5 -0.5
v -1 0.5 -0.6
v -0.9 0.5 -0.6
v 0.9 0.5 -0.6
v 1 0.5 -0.6
v 0.9 0.5 -0.7
v 1 0.5 -0.7
v -1 0.5 -0.8
v -0.9 0.5 -0.8
v -1 0.5 -0.9
v -0.9 0.5 -0.9
v -0.3 0.5 -0.9
v -0.2 0.5 -0.9
v 0.9 0.5 -0.9
v 1 0.5 -0.9
v -0.3 0.5 -1
v -0.2 0.5 -1
v 0.9 0.5 -1
v 1 0.5 -1
v -1 0.5 -1.1
v -0.9 0.5 -1.1
v -1 0.5 -1.2
v -0.9 0.5 -1.2
v 0.9 0.5 -1.2
v 1 0.5 -1.2
v 0.9 0.5 -1.3
v 1 0.5 -1.3
v -1 0.5 -1.4
v -0.9 0.5 -1.4
v -0.7 0.5 -1.4
v -0.6 0.5 -1.4
v -1 0.5 -1.5
v -0.9 0.5 -1.5
v -0.7 0.5 -1.5
v -0.6 0.5 -1.5
v 0.5 0.5 -1.5
v 0.6 0.5 -1.5
v 0.9 0.5 -1.5
v 1 0.5 -1.5
v 0.5 0.5 -1.6
v 0.6 0.5 -1.6
v 0.9 0.5 -1.6
v 1 0.5 -1.6
v -1 0.5 -1.7
v -0.9 0.5 -1.7
v 0.9 0.5 -1.7
v 1 0.5 -1.7
v -1 0.5 -1.8
v -0.9 0.5 -1.8
v 0.9 0.5 -1.8
v 1 0.5 -1.8
v -0.9 0.5 -1.9
v -0.8 0.5 -1.9
v -0.7 0.5 -1.9
v -0.5 0.5 -1.9
v -0.4 0.5 -1.9
v -0.2 0.5 -1.9
v -0.1 0.5 -1.9
v 0.1 0.5 -1.9
v 0.2 0.5 -1.9
v 0.4 0.5 -1.9
v 0.5 0.5 -1.9
v 0.7 0.5 -1.9
v 0.8 0.5 -1.9
v 0.9 0.5 -1.9
v -1 0.5 -2
v -0.8 0.5 -2
v -0.7 0.5 -2
v -0.5 0.5 -2
v -0.4 0.5 -2
v -0.2 0.5 -2
v -0.1 0.5 -2
v 0.1 0.5 -2
v 0.2 0.5 -2
v 0.4 0.5 -2
v 0.5 0.5 -2
v 0.7 0.5 -2
v 0.8 0.5 -2
v 1 0.5 -2
v -0.6 0.6 1.7
v -0.5 0.6 1.7
v -0.6 0.6 1.6
v -0.5 0.6 1.6
v -0.6 0.6 1.5
v -0.5 0.6 1.5
v 0.5 0.6 1.5
v 0.6 0.6 1.5
v -0.6 0.6 1.4
v -0.5 0.6 1.4
v 0.5 0.6 1.4
v 0.6 0.6 1.4
v 0.1 0.6 0.3
v 0.2 0.6 0.3
v 0.1 0.6 0.2
v 0.2 0.6 0.2
v 0.5 0.6 -0.7
v 0.6 0.6 -0.7
v 0.5 0.6 -0.8
v 0.6 0.6 -0.8
v -0.5 0.6 -0.9
v -0.4 0.6 -0.9
v -0.5 0.6 -1
v -0.4 0.6 -1
v 0 0.7 1.5
v 0.1 0.7 1.5
v -0.1 0.7 1.4
v 0 0.7 1.4
v 0.1 0.7 1.4
v 0.2 0.7 1.4
v -0.1 0.7 1.3
v 0 0.7 1.3
v 0.1 0.7 1.3
v 0.2 0.7 1.3
v 0 0.7 1.2
v 0.1 0.7 1.2
v -0.6 0.7 1.1
v -0.5 0.7 1.1
v -0.7 0.7 1
v -0.6 0.7 1
v -0.5 0.7 1
v -0.4 0.7 1
v -0.7 0.7 0.9
v -0.6 0.7 0.9
v -0.5 0.7 0.9
v -0.4 0.7 0.9
v -0.6 0.7 0.8
v -0.5 0.7 0.8
v 0.5 0.7 0.8
v 0.6 0.7 0.8
v 0.4 0.7 0.7
v 0.5 0.7 0.7
v 0.6 0.7 0.7
v 0.7 0.7 0.7
v 0.4 0.7 0.6
v 0.5 0.7 0.6
v 0.6 0.7 0.6
v 0.7 0.7 0.6
v -0.2 0.7 0.5
v -0.1 0.7 0.5
v 0.5 0.7 0.5
v 0.6 0.7 0.5
v -0.3 0.7 0.4
v -0.2 0.7 0.4
v -0.1 0.7 0.4
v 0 0.7 0.4
v -0.3 0.7 0.3
v -0.2 0.7 0.3
v -0.1 0.7 0.3
v 0 0.7 0.3
v -0.2 0.7 0.2
v -0.1 0.7 0.2
v -0.6 0.7 0.0999999
v -0.5 0.7 0.0999999
v 0.1 0.7 0.0999999
v 0.2 0.7 0.0999999
v 0.6 0.7 0.0999999
v 0.7 0.7 0.0999999
v -0.6 0.7 -2.38419e-07
v -0.5 0.7 -2.38419e-07
v 0.1 0.7 -2.38419e-07
v 0.2 0.7 -2.38419e-07
v 0.5 0.7 -2.38419e-07
v 0.6 0.7 -2.38419e-07
v 0.7 0.7 -2.38419e-07
v 0.8 0.7 -2.38419e-07
v 0.5 0.7 -0.1
v 0.6 0.7 -0.1
v 0.7 0.7 -0.1
v 0.8 0.7 -0.1
v 0.1 0.7 -0.2
v 0.2 0.7 -0.2
v 0.6 0.7 -0.2
v 0.7 0.7 -0.2
v 0 0.7 -0.3
v 0.1 0.7 -0.3
v 0.2 0.7 -0.3
v 0.3 0.7 -0.3
v -0.6 0.7 -0.4
v -0.5 0.7 -0.4
v 0 0.7 -0.4
v 0.1 0.7 -0.4
v 0.2 0.7 -0.4
v 0.3 0.7 -0.4
v -0.7 0.7 -0.5
v -0.6 0.7 -0.5
v -0.5 0.7 -0.5
v -0.4 0.7 -0.5
v 0.1 0.7 -0.5
v 0.2 0.7 -0.5
v -0.7 0.7 -0.6
v -0.6 0.7 -0.6
v -0.5 0.7 -0.6
v -0.4 0.7 -0.6
v -0.6 0.7 -0.7
v -0.5 0.7 -0.7
v 0.5 0.7 -0.9
v 0.6 0.7 -0.9
v 0.5 0.7 -1
v 0.6 0.7 -1
v 0.1 0.7 -1.1
v 0.2 0.7 -1.1
v 0 0.7 -1.2
v 0.1 0.7 -1.2
v 0.2 0.7 -1.2
v 0.3 0.7 -1.2
v -0.6 0.7 -1.3
v -0.5 0.7 -1.3
v 0 0.7 -1.3
v 0.1 0.7 -1.3
v 0.2 0.7 -1.3
v 0.3 0.7 -1.3
v -0.7 0.7 -1.4
v -0.6 0.7 -1.4
v -0.5 0.7 -1.4
v -0.4 0.7 -1.4
v 0.1 0.7 -1.4
v 0.2 0.7 -1.4
v 0.6 0.7 -1.4
v 0.7 0.7 -1.4
v -0.7 0.7 -1.5
v -0.6 0.7 -1.5
v -0.5 0.7 -1.5
v -0.4 0.7 -1.5
v 0.5 0.7 -1.5
v 0.6 0.7 -1.5
v 0.7 0.7 -1.5
v 0.8 0.7 -1.5
v -0.6 0.7 -1.6
v -0.5 0.7 -1.6
v -0.2 0.7 -1.6
v -0.1 0.7 -1.6
v 0.5 0.7 -1.6
v 0.6 0.7 -1.6
v 0.7 0.7 -1.6
v 0.8 0.7 -1.6
v -0.2 0.7 -1.7
v -0.1 0.7 -1.7
v 0.6 0.7 -1.7
v 0.7 0.7 -1.7
v 0.6 0.9 1.6
v 0.7 0.9 1.6
v -0.6 0.9 1.5
v -0.5 0.9 1.5
v 0.5 0.9 1.5
v 0.6 0.9 1.5
v 0.7 0.9 1.5
v 0.8 0.9 1.5
v -0.6 0.9 1.4
v -0.5 0.9 1.4
v 0.5 0.9 1.4
v 0.6 0.9 1.4
v 0.7 0.9 1.4
v 0.8 0.9 1.4
v 0.6 0.9 1.3
v 0.7 0.9 1.3
v -0.6 0.9 0.3
v -0.5 0.9 0.3
v 0.1 0.9 0.3
v 0.2 0.9 0.3
v -0.7 0.9 0.2
v -0.6 0.9 0.2
v -0.5 0.9 0.2
v -0.4 0.9 0.2
v 0.1 0.9 0.2
v 0.2 0.9 0.2
v -0.7 0.9 0.0999999
v -0.6 0.9 0.0999999
v -0.5 0.9 0.0999999
v -0.4 0.9 0.0999999
v -0.6 0.9 -2.38419e-07
v -0.5 0.9 -2.38419e-07
v 0.5 0.9 -0.7
v 0.6 0.9 -0.7
v -0.4 0.9 -0.8
v -0.3 0.9 -0.8
v 0.4 0.9 -0.8
v 0.5 0.9 -0.8
v 0.6 0.9 -0.8
v 0.7 0.9 -0.8
v -0.5 0.9 -0.9
v -0.4 0.9 -0.9
v -0.3 0.9 -0.9
v -0.2 0.9 -0.9
v 0.4 0.9 -0.9
v 0.5 0.9 -0.9
v 0.6 0.9 -0.9
v 0.7 0.9 -0.9
v -0.5 0.9 -1
v -0.4 0.9 -1
v -0.3 0.9 -1
v -0.2 0.9 -1
v 0.5 0.9 -1
v 0.6 0.9 -1
v -0.4 0.9 -1.1
v -0.3 0.9 -1.1
v -0.1 0.9 -1.5
v 0 0.9 -1.5
v -0.1 0.9 -1.6
v 0 0.9 -1.6
v -0.1 0.9 -1.7
v 0 0.9 -1.7
v -0.1 0.9 -1.8
v 0 0.9 -1.8
v -0.6 1.1 1.7
v -0.5 1.1 1.7
v -0.7 1.1 1.6
v -0.6 1.1 1.6
v -0.5 1.1 1.6
v -0.4 1.1 1.6
v -0.7 1.1 1.5
v -0.6 1.1 1.5
v -0.5 1.1 1.5
v -0.4 1.1 1.5
v -0.6 1.1 1.4
v -0.5 1.1 1.4
v 0.1 1.1 0.3
v 0.2 1.1 0.3
v 0 1.1 0.2
v 0.1 1.1 0.2
v 0.2 1.1 0.2
v 0.3 1.1 0.2
v 0 1.1 0.0999999
v 0.1 1.1 0.0999999
v 0.2 1.1 0.0999999
v 0.3 1.1 0.0999999
v 0.1 1.1 -2.38419e-07
v 0.2 1.1 -2.38419e-07
v -0.1 1.1 -1.5
v 0 1.1 -1.5
v -0.2 1.1 -1.6
v -0.1 1.1 -1.6
v 0 1.1 -1.6
v 0.1 1.1 -1.6
v -0.2 1.1 -1.7
v -0.1 1.1 -1.7
v 0 1.1 -1.7
v 0.1 1.1 -1.7
v -0.1 1.1 -1.8
v 0 1.1 -1.8
v -1 0.1 2
v -0.7 0.1 2
v -0.6 0.1 2
v -0.4 0.1 2
v -0.3 0.1 2
v -0.1 0.1 2
v 0 0.1 2
v 0.2 0.1 2
v 0.3 0.1 2
v 0.5 0.1 2
v 0.6 0.1 2
v 0.8 0.1 2
v 0.9 0.1 2
v 1 0.1 2
v -1 0.1 1.9
v -0.9 0.1 1.9
v -0.7 0.1 1.9
v -0.6 0.1 1.9
v -0.4 0.1 1.9
v -0.3 0.1 1.9
v -0.1 0.1 1.9
v 0 0.1 1.9
v 0.2 0.1 1.9
v 0.3 0.1 1.9
v 0.5 0.1 1.9
v 0.6 0.1 1.9
v 0.8 0.1 1.9
v 0.9 0.1 1.9
v -1 0.1 1.8
v -0.9 0.1 1.8
v 0.9 0.1 1.8
v 1 0.1 1.8
v 0.9 0.1 1.7
v 1 0.1 1.7
v -1 0.1 1.6
v -0.9 0.1 1.6
v -1 0.1 1.5
v -0.9 0.1 1.5
v 0.9 0.1 1.5
v 1 0.1 1.5
v 0.9 0.1 1.4
v 1 0.1 1.4
v -1 0.1 1.3
v -0.9 0.1 1.3
v -1 0.1 1.2
v -0.9 0.1 1.2
v 0.9 0.1 1.2
v 1 0.1 1.2
v 0.9 0.1 1.1
v 1 0.1 1.1
v -1 0.1 1
v -0.9 0.1 1
v -1 0.1 0.9
v -0.9 0.1 0.9
v 0.9 0.1 0.9
v 1 0.1 0.9
v 0.9 0.1 0.8
v 1 0.1 0.8
v -1 0.1 0.7
v -0.9 0.1 0.7
v -1 0.1 0.6
v -0.9 0.1 0.6
v 0.9 0.1 0.6
v 1 0.1 0.6
v 0.9 0.1 0.5
v 1 0.1 0.5
v -1 0.1 0.4
v -0.9 0.1 0.4
v -1 0.1 0.3
v -0.9 0.1 0.3
v 0.9 0.1 0.3
v 1 0.1 0.3
v 0.9 0.1 0.2
v 1 0.1 0.2
v -1 0.1 0.0999999
v -0.9 0.1 0.0999999
v -1 0.1 -2.38419e-07
v -0.9 0.1 -2.38419e-07
v 0.9 0.1 -2.38419e-07
v 1 0.1 -2.38419e-07
v 0.9 0.1 -0.1
v 1 0.1 -0.1
v -1 0.1 -0.2
v -0.9 0.1 -0.2
v -1 0.1 -0.3
v -0.9 0.1 -0.3
v 0.9 0.1 -0.3
v 1 0.1 -0.3
v 0.9 0.1 -0.4
v 1 0.1 -0.4
v -1 0.1 -0.5
v -0.9 0.1 -0.5
v -1 0.1 -0.6
v -0.9 0.1 -0.6
v 0.9 0.1 -0.6
v 1 0.1 -0.6
v 0.9 0.1 -0.7
v 1 0.1 -0.7
v -1 0.1 -0.8
v -0.9 0.1 -0.8
v -1 0.1 -0.9
v -0.9 0.1 -0.9
v 0.9 0.1 -0.9
v 1 0.1 -0.9
v 0.9 0.1 -1
v 1 0.1 -1
v -1 0.1 -1.1
v -0.9 0.1 -1.1
v -1 0.1 -1.2
v -0.9 0.1 -1.2
v 0.9 0.1 -1.2
v 1 0.1 -1.2
v 0.9 0.1 -1.3
v 1 0.1 -1.3
v -1 0.1 -1.4
v -0.9 0.1 -1.4
v -1 0.1 -1.5
v -0.9 0.1 -1.5
v 0.9 0.1 -1.5
v 1 0.1 -1.5
v 0.9 0.1 -1.6
v 1 0.1 -1.6
v -1 0.1 -1.7
v -0.9 0.1 -1.7
v 0.9 0.1 -1.7
v 1 0.1 -1.7
v -1 0.1 -1.8
v -0.9 0.1 -1.8
v 0.9 0.1 -1.8
v 1 0.1 -1.8
v -0.9 0.1 -1.9
v -0.8 0.1 -1.9
v -0.7 0.1 -1.9
v -0.5 0.1 -1.9
v -0.4 0.1 -1.9
v -0.2 0.1 -1.9
v -0.1 0.1 -1.9
v 0.1 0.1 -1.9
v 0.2 0.1 -1.9
v 0.4 0.1 -1.9
v 0.5 0.1 -1.9
v 0.7 0.1 -1.9
v 0.8 0.1 -1.9
v 0.9 0.1 -1.9
v -1 0.1 -2
v -0.8 0.1 -2
v -0.7 0.1 -2
v -0.5 0.1 -2
v -0.4 0.1 -2
v -0.2 0.1 -2
v -0.1 0.1 -2
v 0.1 0.1 -2
v 0.2 0.1 -2
v 0.4 0.1 -2
v 0.5 0.1 -2
v 0.7 0.1 -2
v 0.8 0.1 -2
v 1 0.1 -2
v -1 0.3 2
v -0.7 0.3 2
v -0.6 0.3 2
v -0.4 0.3 2
v -0.3 0.3 2
v -0.1 0.3 2
v 0 0.3 2
v 0.2 0.3 2
v 0.3 0.3 2
v 0.5 0.3 2
v 0.6 0.3 2
v 0.8 0.3 2
v 0.9 0.3 2
v 1 0.3 2
v -1 0.3 1.9
v -0.9 0.3 1.9
v -0.7 0.3 1.9
v -0.6 0.3 1.9
v -0.4 0.3 1.9
v -0.3 0.3 1.9
v -0.1 0.3 1.9
v 0 0.3 1.9
v 0.2 0.3 1.9
v 0.3 0.3 1.9
v 0.5 0.3 1.9
v 0.6 0.3 1.9
v 0.8 0.3 1.9
v 0.9 0.3 1.9
v -1 0.3 1.8
v -0.9 0.3 1.8
v 0.9 0.3 1.8
v 1 0.3 1.8
v 0.9 0.3 1.7
v 1 0.3 1.7
v -1 0.3 1.6
v -0.9 0.3 1.6
v -1 0.3 1.5
v -0.9 0.3 1.5
v 0.9 0.3 1.5
v 1 0.3 1.5
v 0.9 0.3 1.4
v 1 0.3 1.4
v -1 0.3 1.3
v -0.9 0.3 1.3
v -1 0.3 1.2
v -0.9 0.3 1.2
v 0.9 0.3 1.2
v 1 0.3 1.2
v 0.9 0.3 1.1
v 1 0.3 1.1
v -1 0.3 1
v -0.9 0.3 1
v -1 0.3 0.9
v -0.9 0.3 0.9
v 0.9 0.3 0.9
v 1 0.3 0.9
v 0.9 0.3 0.8
v 1 0.3 0.8
v -1 0.3 0.7
v -0.9 0.3 0.7
v -1 0.3 0.6
v -0.9 0.3 0.6
v 0.9 0.3 0.6
v 1 0.3 0.6
v 0.9 0.3 0.5
v 1 0.3 0.5
v -1 0.3 0.4
v -0.9 0.3 0.4
v -1 0.3 0.3
v -0.9 0.3 0.3
v 0.9 0.3 0.3
v 1 0.3 0.3
v 0.9 0.3 0.2
v 1 0.3 0.2
v -1 0.3 0.0999999
v -0.9 0.3 0.0999999
v -1 0.3 -2.38419e-07
v -0.9 0.3 -2.38419e-07
v 0.9 0.3 -2.38419e-07
v 1 0.3 -2.38419e-07
v 0.9 0.3 -0.1
v 1 0.3 -0.1
v -1 0.3 -0.2
v -0.9 0.3 -0.2
v -1 0.3 -0.3
v -0.9 0.3 -0.3
v 0.9 0.3 -0.3
v 1 0.3 -0.3
v 0.9 0.3 -0.4
v 1 0.3 -0.4
v -1 0.3 -0.5
v -0.9 0.3 -0.5
v -1 0.3 -0.6
v -0.9 0.3 -0.6
v 0.9 0.3 -0.6
v 1 0.3 -0.6
v 0.9 0.3 -0.7
v 1 0.3 -0.7
v -1 0.3 -0.8
v -0.9 0.3 -0.8
v -1 0.3 -0.9
v -0.9 0.3 -0.9
v 0.9 0.3 -0.9
v 1 0.3 -0.9
v 0.9 0.3 -1
v 1 0.3 -1
v -1 0.3 -1.1
v -0.9 0.3 -1.1
v -1 0.3 -1.2
v -0.9 0.3 -1.2
v 0.9 0.3 -1.2
v 1 0.3 -1.2
v 0.9 0.3 -1.3
v 1 0.3 -1.3
v -1 0.3 -1.4
v -0.9 0.3 -1.4
v -1 0.3 -1.5
v -0.9 0.3 -1.5
v 0.9 0.3 -1.5
v 1 0.3 -1.5
v 0.9 0.3 -1.6
v 1 0.3 -1.6
v -1 0.3 -1.7
v -0.9 0.3 -1.7
v 0.9 0.3 -1.7
v 1 0.3 -1.7
v -1 0.3 -1.8
v -0.9 0.3 -1.8
v 0.9 0.3 -1.8
v 1 0.3 -1.8
v -0.9 0.3 -1.9
v -0.8 0.3 -1.9
v -0.7 0.3 -1.9
v -0.5 0.3 -1.9
v -0.4 0.3 -1.9
v -0.2 0.3 -1.9
v -0.1 0.3 -1.9
v 0.1 0.3 -1.9
v 0.2 0.3 -1.9
v 0.4 0.3 -1.9
v 0.5 0.3 -1.9
v 0.7 0.3 -1.9
v 0.8 0.3 -1.9
v 0.9 0.3 -1.9
v -1 0.3 -2
v -0.8 0.3 -2
v -0.7 0.3 -2
v -0.5 0.3 -2
v -0.4 0.3 -2
v -0.2 0.3 -2
v -0.1 0.3 -2
v 0.1 0.3 -2
v 0.2 0.3 -2
v 0.4 0.3 -2
v 0.5 0.3 -2
v 0.7 0.3 -2
v 0.8 0.3 -2
v 1 0.3 -2
v -0.9 0.4 1.9
v -0.7 0.4 1.9
v -0.6 0.4 1.9
v -0.4 0.4 1.9
v -0.3 0.4 1.9
v -0.1 0.4 1.9
v 0 0.4 1.9
v 0.2 0.4 1.9
v 0.3 0.4 1.9
v 0.5 0.4 1.9
v 0.6 0.4 1.9
v 0.8 0.4 1.9
v 0.9 0.4 1.9
v -0.9 0.4 1.8
v 0.9 0.4 1.8
v 0.9 0.4 1.7
v -0.9 0.4 1.6
v -0.6 0.4 1.6
v -0.5 0.4 1.6
v -0.9 0.4 1.5
v -0.6 0.4 1.5
v -0.5 0.4 1.5
v 0.6 0.4 1.5
v 0.7 0.4 1.5
v 0.9 0.4 1.5
v 0 0.4 1.4
v 0.1 0.4 1.4
v 0.6 0.4 1.4
v 0.7 0.4 1.4
v 0.9 0.4 1.4
v -0.9 0.4 1.3
v 0 0.4 1.3
v 0.1 0.4 1.3
v -0.9 0.4 1.2
v 0.9 0.4 1.2
v 0.9 0.4 1.1
v -0.9 0.4 1
v -0.6 0.4 1
v -0.5 0.4 1
v -0.9 0.4 0.9
v -0.6 0.4 0.9
v -0.5 0.4 0.9
v 0.9 0.4 0.9
v 0.9 0.4 0.8
v -0.9 0.4 0.7
v 0.5 0.4 0.7
v 0.6 0.4 0.7
v -0.9 0.4 0.6
v 0.5 0.4 0.6
v 0.6 0.4 0.6
v 0.9 0.4 0.6
v 0.9 0.4 0.5
v -0.9 0.4 0.4
v -0.2 0.4 0.4
v -0.1 0.4 0.4
v -0.9 0.4 0.3
v -0.2 0.4 0.3
v -0.1 0.4 0.3
v 0.9 0.4 0.3
v -0.6 0.4 0.2
v -0.5 0.4 0.2
v 0.1 0.4 0.2
v 0.2 0.4 0.2
v 0.9 0.4 0.2
v -0.9 0.4 0.0999999
v -0.6 0.4 0.0999999
v -0.5 0.4 0.0999999
v 0.1 0.4 0.0999999
v 0.2 0.4 0.0999999
v -0.9 0.4 -2.38419e-07
v 0.6 0.4 -2.38419e-07
v 0.7 0.4 -2.38419e-07
v 0.9 0.4 -2.38419e-07
v 0.6 0.4 -0.1
v 0.7 0.4 -0.1
v 0.9 0.4 -0.1
v -0.9 0.4 -0.2
v -0.9 0.4 -0.3
v 0.1 0.4 -0.3
v 0.2 0.4 -0.3
v 0.9 0.4 -0.3
v 0.1 0.4 -0.4
v 0.2 0.4 -0.4
v 0.9 0.4 -0.4
v -0.9 0.4 -0.5
v -0.6 0.4 -0.5
v -0.5 0.4 -0.5
v -0.9 0.4 -0.6
v -0.6 0.4 -0.6
v -0.5 0.4 -0.6
v 0.9 0.4 -0.6
v 0.9 0.4 -0.7
v -0.9 0.4 -0.8
v 0.5 0.4 -0.8
v 0.6 0.4 -0.8
v -0.9 0.4 -0.9
v -0.4 0.4 -0.9
v -0.3 0.4 -0.9
v 0.5 0.4 -0.9
v 0.6 0.4 -0.9
v 0.9 0.4 -0.9
v -0.4 0.4 -1
v -0.3 0.4 -1
v 0.9 0.4 -1
v -0.9 0.4 -1.1
v -0.9 0.4 -1.2
v 0.1 0.4 -1.2
v 0.2 0.4 -1.2
v 0.9 0.4 -1.2
v 0.1 0.4 -1.3
v 0.2 0.4 -1.3
v 0.9 0.4 -1.3
v -0.9 0.4 -1.4
v -0.6 0.4 -1.4
v -0.5 0.4 -1.4
v -0.9 0.4 -1.5
v -0.6 0.4 -1.5
v -0.5 0.4 -1.5
v 0.6 0.4 -1.5
v 0.7 0.4 -1.5
v 0.9 0.4 -1.5
v -0.1 0.4 -1.6
v 0 0.4 -1.6
v 0.6 0.4 -1.6
v 0.7 0.4 -1.6
v 0.9 0.4 -1.6
v -0.9 0.4 -1.7
v -0.1 0.4 -1.7
v 0 0.4 -1.7
v 0.9 0.4 -1.7
v -0.9 0.4 -1.8
v 0.9 0.4 -1.8
v -0.9 0.4 -1.9
v -0.8 0.4 -1.9
v -0.7 0.4 -1.9
v -0.5 0.4 -1.9
v -0.4 0.4 -1.9
v -0.2 0.4 -1.9
v -0.1 0.4 -1.9
v 0.1 0.4 -1.9
v 0.2 0.4 -1.9
v 0.4 0.4 -1.9
v 0.5 0.4 -1.9
v 0.7 0.4 -1.9
v 0.8 0.4 -1.9
v 0.9 0.4 -1.9
v -1 0.6 2
v -0.7 0.6 2
v -0.6 0.6 2
v -0.4 0.6 2
v -0.3 0.6 2
v -0.1 0.6 2
v 0 0.6 2
v 0.2 0.6 2
v 0.3 0.6 2
v 0.5 0.6 2
v 0.6 0.6 2
v 0.8 0.6 2
v 0.9 0.6 2
v 1 0.6 2
v -1 0.6 1.9
v -0.9 0.6 1.9
v -0.7 0.6 1.9
v -0.6 0.6 1.9
v -0.4 0.6 1.9
v -0.3 0.6 1.9
v -0.1 0.6 1.9
v 0 0.6 1.9
v 0.2 0.6 1.9
v 0.3 0.6 1.9
v 0.5 0.6 1.9
v 0.6 0.6 1.9
v 0.8 0.6 1.9
v 0.9 0.6 1.9
v -1 0.6 1.8
v -0.9 0.6 1.8
v 0.9 0.6 1.8
v 1 0.6 1.8
v 0.9 0.6 1.7
v 1 0.6 1.7
v -1 0.6 1.6
v -0.9 0.6 1.6
v -1 0.6 1.5
v -0.9 0.6 1.5
v 0.7 0.6 1.5
v 0.8 0.6 1.5
v 0.9 0.6 1.5
v 1 0.6 1.5
v 0.1 0.6 1.4
v 0.2 0.6 1.4
v 0.7 0.6 1.4
v 0.8 0.6 1.4
v 0.9 0.6 1.4
v 1 0.6 1.4
v -1 0.6 1.3
v -0.9 0.6 1.3
v 0.1 0.6 1.3
v 0.2 0.6 1.3
v -1 0.6 1.2
v -0.9 0.6 1.2
v 0.9 0.6 1.2
v 1 0.6 1.2
v 0.9 0.6 1.1
v 1 0.6 1.1
v -1 0.6 1
v -0.9 0.6 1
v -1 0.6 0.9
v -0.9 0.6 0.9
v -0.6 0.6 0.9
v -0.5 0.6 0.9
v 0.9 0.6 0.9
v 1 0.6 0.9
v -0.6 0.6 0.8
v -0.5 0.6 0.8
v 0.9 0.6 0.8
v 1 0.6 0.8
v -1 0.6 0.7
v -0.9 0.6 0.7
v -1 0.6 0.6
v -0.9 0.6 0.6
v 0.5 0.6 0.6
v 0.6 0.6 0.6
v 0.9 0.6 0.6
v 1 0.6 0.6
v 0.5 0.6 0.5
v 0.6 0.6 0.5
v 0.9 0.6 0.5
v 1 0.6 0.5
v -1 0.6 0.4
v -0.9 0.6 0.4
v -0.3 0.6 0.4
v -0.2 0.6 0.4
v -1 0.6 0.3
v -0.9 0.6 0.3
v -0.6 0.6 0.3
v -0.5 0.6 0.3
v -0.3 0.6 0.3
v -0.2 0.6 0.3
v 0.9 0.6 0.3
v 1 0.6 0.3
v -0.6 0.6 0.2
v -0.5 0.6 0.2
v 0.9 0.6 0.2
v 1 0.6 0.2
v -1 0.6 0.0999999
v -0.9 0.6 0.0999999
v -1 0.6 -2.38419e-07
v -0.9 0.6 -2.38419e-07
v 0.7 0.6 -2.38419e-07
v 0.8 0.6 -2.38419e-07
v 0.9 0.6 -2.38419e-07
v 1 0.6 -2.38419e-07
v 0.7 0.6 -0.1
v 0.8 0.6 -0.1
v 0.9 0.6 -0.1
v 1 0.6 -0.1
v -1 0.6 -0.2
v -0.9 0.6 -0.2
v -1 0.6 -0.3
v -0.9 0.6 -0.3
v 0.9 0.6 -0.3
v 1 0.6 -0.3
v -0.6 0.6 -0.4
v -0.5 0.6 -0.4
v 0.1 0.6 -0.4
v 0.2 0.6 -0.4
v 0.9 0.6 -0.4
v 1 0.6 -0.4
v -1 0.6 -0.5
v -0.9 0.6 -0.5
v -0.6 0.6 -0.5
v -0.5 0.6 -0.5
v 0.1 0.6 -0.5
v 0.2 0.6 -0.5
v -1 0.6 -0.6
v -0.9 0.6 -0.6
v 0.9 0.6 -0.6
v 1 0.6 -0.6
v 0.9 0.6 -0.7
v 1 0.6 -0.7
v -1 0.6 -0.8
v -0.9 0.6 -0.8
v -1 0.6 -0.9
v -0.9 0.6 -0.9
v -0.3 0.6 -0.9
v -0.2 0.6 -0.9
v 0.9 0.6 -0.9
v 1 0.6 -0.9
v -0.3 0.6 -1
v -0.2 0.6 -1
v 0.9 0.6 -1
v 1 0.6 -1
v -1 0.6 -1.1
v -0.9 0.6 -1.1
v -1 0.6 -1.2
v -0.9 0.6 -1.2
v 0.9 0.6 -1.2
v 1 0.6 -1.2
v 0.9 0.6 -1.3
v 1 0.6 -1.3
v -1 0.6 -1.4
v -0.9 0.6 -1.4
v -0.7 0.6 -1.4
v -0.6 0.6 -1.4
v -1 0.6 -1.5
v -0.9 0.6 -1.5
v -0.7 0.6 -1.5
v -0.6 0.6 -1.5
v 0.5 0.6 -1.5
v 0.6 0.6 -1.5
v 0.9 0.6 -1.5
v 1 0.6 -1.5
v 0.5 0.6 -1.6
v 0.6 0.6 -1.6
v 0.9 0.6 -1.6
v 1 0.6 -1.6
v -1 0.6 -1.7
v -0.9 0.6 -1.7
v 0.9 0.6 -1.7
v 1 0.6 -1.7
v -1 0.6 -1.8
v -0.9 0.6 -1.8
v 0.9 0.6 -1.8
v 1 0.6 -1.8
v -0.9 0.6 -1.9
v -0.8 0.6 -1.9
v -0.7 0.6 -1.9
v -0.5 0.6 -1.9
v -0.4 0.6 -1.9
v -0.2 0.6 -1.9
v -0.1 0.6 -1.9
v 0.1 0.6 -1.9
v 0.2 0.6 -1.9
v 0.4 0.6 -1.9
v 0.5 0.6 -1.9
v 0.7 0.6 -1.9
v 0.8 0.6 -1.9
v 0.9 0.6 -1.9
v -1 0.6 -2
v -0.8 0.6 -2
v -0.7 0.6 -2
v -0.5 0.6 -2
v -0.4 0.6 -2
v -0.2 0.6 -2
v -0.1 0.6 -2
v 0.1 0.6 -2
v 0.2 0.6 -2
v 0.4 0.6 -2
v 0.5 0.6 -2
v 0.7 0.6 -2
v 0.8 0.6 -2
v 1 0.6 -2
v -0.4 0.7 2
v -0.3 0.7 2
v 0.2 0.7 2
v 0.3 0.7 2
v 0.8 0.7 2
v 0.9 0.7 2
v -1 0.7 1.9
v -0.9 0.7 1.9
v -0.4 0.7 1.9
v -0.3 0.7 1.9
v 0.2 0.7 1.9
v 0.3 0.7 1.9
v 0.8 0.7 1.9
v 0.9 0.7 1.9
v -1 0.7 1.8
v -0.9 0.7 1.8
v -0.6 0.7 1.7
v -0.5 0.7 1.7
v -0.6 0.7 1.6
v -0.5 0.7 1.6
v -0.6 0.7 1.5
v -0.5 0.7 1.5
v 0.5 0.7 1.5
v 0.6 0.7 1.5
v 0.9 0.7 1.5
v 1 0.7 1.5
v -0.6 0.7 1.4
v -0.5 0.7 1.4
v 0.5 0.7 1.4
v 0.6 0.7 1.4
v 0.9 0.7 1.4
v 1 0.7 1.4
v -1 0.7 1.3
v -0.9 0.7 1.3
v -1 0.7 1.2
v -0.9 0.7 1.2
v 0.9 0.7 0.9
v 1 0.7 0.9
v 0.9 0.7 0.8
v 1 0.7 0.8
v -1 0.7 0.7
v -0.9 0.7 0.7
v -1 0.7 0.6
v -0.9 0.7 0.6
v 0.1 0.7 0.3
v 0.2 0.7 0.3
v 0.9 0.7 0.3
v 1 0.7 0.3
v 0.1 0.7 0.2
v 0.2 0.7 0.2
v 0.9 0.7 0.2
v 1 0.7 0.2
v -1 0.7 0.0999999
v -0.9 0.7 0.0999999
v -1 0.7 -2.38419e-07
v -0.9 0.7 -2.38419e-07
v 0.9 0.7 -0.3
v 1 0.7 -0.3
v 0.9 0.7 -0.4
v 1 0.7 -0.4
v -1 0.7 -0.5
v -0.9 0.7 -0.5
v -1 0.7 -0.6
v -0.9 0.7 -0.6
v 0.5 0.7 -0.7
v 0.6 0.7 -0.7
v 0.5 0.7 -0.8
v 0.6 0.7 -0.8
v -0.5 0.7 -0.9
v -0.4 0.7 -0.9
v 0.9 0.7 -0.9
v 1 0.7 -0.9
v -0.5 0.7 -1
v -0.4 0.7 -1
v 0.9 0.7 -1
v 1 0.7 -1
v -1 0.7 -1.1
v -0.9 0.7 -1.1
v -1 0.7 -1.2
v -0.9 0.7 -1.2
v 0.9 0.7 -1.5
v 1 0.7 -1.5
v 0.9 0.7 -1.6
v 1 0.7 -1.6
v -1 0.7 -1.7
v -0.9 0.7 -1.7
v -1 0.7 -1.8
v -0.9 0.7 -1.8
v -0.5 0.7 -1.9
v -0.4 0.7 -1.9
v 0.1 0.7 -1.9
v 0.2 0.7 -1.9
v 0.7 0.7 -1.9
v 0.8 0.7 -1.9
v -0.5 0.7 -2
v -0.4 0.7 -2
v 0.1 0.7 -2
v 0.2 0.7 -2
v 0.7 0.7 -2
v 0.8 0.7 -2
v -0.7 0.8 2
v -0.6 0.8 2
v -0.1 0.8 2
v 0 0.8 2
v 0.5 0.8 2
v 0.6 0.8 2
v -0.7 0.8 1.9
v -0.6 0.8 1.9
v -0.1 0.8 1.9
v 0 0.8 1.9
v 0.5 0.8 1.9
v 0.6 0.8 1.9
v 0.9 0.8 1.8
v 1 0.8 1.8
v 0.9 0.8 1.7
v 1 0.8 1.7
v -1 0.8 1.6
v -0.9 0.8 1.6
v -1 0.8 1.5
v -0.9 0.8 1.5
v 0 0.8 1.5
v 0.1 0.8 1.5
v -0.1 0.8 1.4
v 0 0.8 1.4
v 0.1 0.8 1.4
v 0.2 0.8 1.4
v -0.1 0.8 1.3
v 0 0.8 1.3
v 0.1 0.8 1.3
v 0.2 0.8 1.3
v 0 0.8 1.2
v 0.1 0.8 1.2
v 0.9 0.8 1.2
v 1 0.8 1.2
v -0.6 0.8 1.1
v -0.5 0.8 1.1
v 0.9 0.8 1.1
v 1 0.8 1.1
v -1 0.8 1
v -0.9 0.8 1
v -0.7 0.8 1
v -0.6 0.8 1
v -0.5 0.8 1
v -0.4 0.8 1
v -1 0.8 0.9
v -0.9 0.8 0.9
v -0.7 0.8 0.9
v -0.6 0.8 0.9
v -0.5 0.8 0.9
v -0.4 0.8 0.9
v -0.6 0.8 0.8
v -0.5 0.8 0.8
v 0.5 0.8 0.8
v 0.6 0.8 0.8
v 0.4 0.8 0.7
v 0.5 0.8 0.7
v 0.6 0.8 0.7
v 0.7 0.8 0.7
v 0.4 0.8 0.6
v 0.5 0.8 0.6
v 0.6 0.8 0.6
v 0.7 0.8 0.6
v 0.9 0.8 0.6
v 1 0.8 0.6
v -0.2 0.8 0.5
v -0.1 0.8 0.5
v 0.5 0.8 0.5
v 0.6 0.8 0.5
v 0.9 0.8 0.5
v 1 0.8 0.5
v -1 0.8 0.4
v -0.9 0.8 0.4
v -0.3 0.8 0.4
v -0.2 0.8 0.4
v -0.1 0.8 0.4
v 0 0.8 0.4
v -1 0.8 0.3
v -0.9 0.8 0.3
v -0.3 0.8 0.3
v -0.2 0.8 0.3
v -0.1 0.8 0.3
v 0 0.8 0.3
v -0.2 0.8 0.2
v -0.1 0.8 0.2
v -0.6 0.8 0.0999999
v -0.5 0.8 0.0999999
v 0.1 0.8 0.0999999
v 0.2 0.8 0.0999999
v 0.6 0.8 0.0999999
v 0.7 0.8 0.0999999
v -0.6 0.8 -2.38419e-07
v -0.5 0.8 -2.38419e-07
v 0.1 0.8 -2.38419e-07
v 0.2 0.8 -2.38419e-07
v 0.5 0.8 -2.38419e-07
v 0.6 0.8 -2.38419e-07
v 0.7 0.8 -2.38419e-07
v 0.8 0.8 -2.38419e-07
v 0.9 0.8 -2.38419e-07
v 1 0.8 -2.38419e-07
v 0.5 0.8 -0.1
v 0.6 0.8 -0.1
v 0.7 0.8 -0.1
v 0.8 0.8 -0.1
v 0.9 0.8 -0.1
v 1 0.8 -0.1
v -1 0.8 -0.2
v -0.9 0.8 -0.2
v 0.1 0.8 -0.2
v 0.2 0.8 -0.2
v 0.6 0.8 -0.2
v 0.7 0.8 -0.2
v -1 0.8 -0.3
v -0.9 0.8 -0.3
v 0 0.8 -0.3
v 0.1 0.8 -0.3
v 0.2 0.8 -0.3
v 0.3 0.8 -0.3
v -0.6 0.8 -0.4
v -0.5 0.8 -0.4
v 0 0.8 -0.4
v 0.1 0.8 -0.4
v 0.2 0.8 -0.4
v 0.3 0.8 -0.4
v -0.7 0.8 -0.5
v -0.6 0.8 -0.5
v -0.5 0.8 -0.5
v -0.4 0.8 -0.5
v 0.1 0.8 -0.5
v 0.2 0.8 -0.5
v -0.7 0.8 -0.6
v -0.6 0.8 -0.6
v -0.5 0.8 -0.6
v -0.4 0.8 -0.6
v 0.9 0.8 -0.6
v 1 0.8 -0.6
v -0.6 0.8 -0.7
v -0.5 0.8 -0.7
v 0.9 0.8 -0.7
v 1 0.8 -0.7
v -1 0.8 -0.8
v -0.9 0.8 -0.8
v -1 0.8 -0.9
v -0.9 0.8 -0.9
v 0.5 0.8 -0.9
v 0.6 0.8 -0.9
v 0.5 0.8 -1
v 0.6 0.8 -1
v 0.1 0.8 -1.1
v 0.2 0.8 -1.1
v 0 0.8 -1.2
v 0.1 0.8 -1.2
v 0.2 0.8 -1.2
v 0.3 0.8 -1.2
v 0.9 0.8 -1.2
v 1 0.8 -1.2
v -0.6 0.8 -1.3
v -0.5 0.8 -1.3
v 0 0.8 -1.3
v 0.1 0.8 -1.3
v 0.2 0.8 -1.3
v 0.3 0.8 -1.3
v 0.9 0.8 -1.3
v 1 0.8 -1.3
v -1 0.8 -1.4
v -0.9 0.8 -1.4
v -0.7 0.8 -1.4
v -0.6 0.8 -1.4
v -0.5 0.8 -1.4
v -0.4 0.8 -1.4
v 0.1 0.8 -1.4
v 0.2 0.8 -1.4
v 0.6 0.8 -1.4
v 0.7 0.8 -1.4
v -1 0.8 -1.5
v -0.9 0.8 -1.5
v -0.7 0.8 -1.5
v -0.6 0.8 -1.5
v -0.5 0.8 -1.5
v -0.4 0.8 -1.5
v 0.5 0.8 -1.5
v 0.6 0.8 -1.5
v 0.7 0.8 -1.5
v 0.8 0.8 -1.5
v -0.6 0.8 -1.6
v -0.5 0.8 -1.6
v -0.2 0.8 -1.6
v -0.1 0.8 -1.6
v 0.5 0.8 -1.6
v 0.6 0.8 -1.6
v 0.7 0.8 -1.6
v 0.8 0.8 -1.6
v -0.2 0.8 -1.7
v -0.1 0.8 -1.7
v 0.6 0.8 -1.7
v 0.7 0.8 -1.7
v 0.9 0.8 -1.7
v 1 0.8 -1.7
v 0.9 0.8 -1.8
v 1 0.8 -1.8
v -0.8 0.8 -1.9
v -0.7 0.8 -1.9
v -0.2 0.8 -1.9
v -0.1 0.8 -1.9
v 0.4 0.8 -1.9
v 0.5 0.8 -1.9
v -0.8 0.8 -2
v -0.7 0.8 -2
v -0.2 0.8 -2
v -0.1 0.8 -2
v 0.4 0.8 -2
v 0.5 0.8 -2
v 0.6 1 1.6
v 0.7 1 1.6
v -0.6 1 1.5
v -0.5 1 1.5
v 0.5 1 1.5
v 0.6 1 1.5
v 0.7 1 1.5
v 0.8 1 1.5
v -0.6 1 1.4
v -0.5 1 1.4
v 0.5 1 1.4
v 0.6 1 1.4
v 0.7 1 1.4
v 0.8 1 1.4
v 0.6 1 1.3
v 0.7 1 1.3
v -0.6 1 0.3
v -0.5 1 0.3
v 0.1 1 0.3
v 0.2 1 0.3
v -0.7 1 0.2
v -0.6 1 0.2
v -0.5 1 0.2
v -0.4 1 0.2
v 0.1 1 0.2
v 0.2 1 0.2
v -0.7 1 0.0999999
v -0.6 1 0.0999999
v -0.5 1 0.0999999
v -0.4 1 0.0999999
v -0.6 1 -2.38419e-07
v -0.5 1 -2.38419e-07
v 0.5 1 -0.7
v 0.6 1 -0.7
v -0.4 1 -0.8
v -0.3 1 -0.8
v 0.4 1 -0.8
v 0.5 1 -0.8
v 0.6 1 -0.8
v 0.7 1 -0.8
v -0.5 1 -0.9
v -0.4 1 -0.9
v -0.3 1 -0.9
v -0.2 1 -0.9
v 0.4 1 -0.9
v 0.5 1 -0.9
v 0.6 1 -0.9
v 0.7 1 -0.9
v -0.5 1 -1
v -0.4 1 -1
v -0.3 1 -1
v -0.2 1 -1
v 0.5 1 -1
v 0.6 1 -1
v -0.4 1 -1.1
v -0.3 1 -1.1
v -0.1 1 -1.5
v 0 1 -1.5
v -0.1 1 -1.6
v 0 1 -1.6
v -0.1 1 -1.7
v 0 1 -1.7
v -0.1 1 -1.8
v 0 1 -1.8
v -0.6 1.2 1.7
v -0.5 1.2 1.7
v -0.7 1.2 1.6
v -0.6 1.2 1.6
v -0.5 1.2 1.6
v -0.4 1.2 1.6
v -0.7 1.2 1.5
v -0.6 1.2 1.5
v -0.5 1.2 1.5
v -0.4 1.2 1.5
v -0.6 1.2 1.4
v -0.5 1.2 1.4
v 0.1 1.2 0.3
v 0.2 1.2 0.3
v 0 1.2 0.2
v 0.1 1.2 0.2
v 0.2 1.2 0.2
v 0.3 1.2 0.2
v 0 1.2 0.0999999
v 0.1 1.2 0.0999999
v 0.2 1.2 0.0999999
v 0.3 1.2 0.0999999
v 0.1 1.2 -2.38419e-07
v 0.2 1.2 -2.38419e-07
v -0.1 1.2 -1.5
v 0 1.2 -1.5
v -0.2 1.2 -1.6
v -0.1 1.2 -1.6
v 0 1.2 -1.6
v 0.1 1.2 -1.6
v -0.2 1.2 -1.7
v -0.1 1.2 -1.7
v 0 1.2 -1.7
v 0.1 1.2 -1.7
v -0.1 1.2 -1.8
v 0 1.2 -1.8

# faces
f 3/3/1 2/3/1 1/3/1
f 4/3/1 2/3/1 3/3/1
f 5/3/1 2/3/1 4/3/1
f 6/3/1 2/3/1 5/3/1
f 7/3/1 2/3/1 6/3/1
f 8/3/1 2/3/1 7/3/1
f 9/3/1 2/3/1 8/3/1
f 10/3/1 2/3/1 9/3/1
f 11/3/1 2/3/1 10/3/1
f 12/3/1 2/3/1 11/3/1
f 13/3/1 2/3/1 12/3/1
f 14/3/1 2/3/1 13/3/1
f 15/3/1 2/3/1 14/3/1
f 16/3/1 2/3/1 15/3/1
f 17/3/1 2/3/1 16/3/1
f 18/3/1 2/3/1 17/3/1
f 19/3/1 2/3/1 18/3/1
f 20/3/1 2/3/1 19/3/1
f 21/3/1 2/3/1 20/3/1
f 22/3/1 2/3/1 21/3/1
f 23/3/1 2/3/1 22/3/1
f 24/3/1 2/3/1 23/3/1
f 25/3/1 2/3/1 24/3/1
f 26/3/1 2/3/1 25/3/1
f 27/3/1 2/3/1 26/3/1
f 28/3/1 2/3/1 27/3/1
f 29/3/1 2/3/1 28/3/1
f 30/3/1 2/3/1 29/3/1
f 32/3/1 5/3/1 4/3/1
f 33/3/1 5/3/1 32/3/1
f 34/3/1 7/3/1 6/3/1
f 35/3/1 7/3/1 34/3/1
f 36/3/1 9/3/1 8/3/1
f 37/3/1 9/3/1 36/3/1
f 38/3/1 11/3/1 10/3/1
f 39/3/1 11/3/1 38/3/1
f 40/3/1 13/3/1 12/3/1
f 41/3/1 13/3/1 40/3/1
f 42/3/1 15/3/1 14/3/1
f 43/3/1 15/3/1 42/3/1
f 44/3/1 17/3/1 16/3/1
f 45/3/1 17/3/1 44/3/1
f 46/3/1 19/3/1 18/3/1
f 47/3/1 19/3/1 46/3/1
f 48/3/1 21/3/1 20/3/1
f 49/3/1 21/3/1 48/3/1
f 50/3/1 23/3/1 22/3/1
f 51/3/1 23/3/1 50/3/1
f 52/3/1 25/3/1 24/3/1
f 53/3/1 25/3/1 52/3/1
f 54/3/1 27/3/1 26/3/1
f 55/3/1 27/3/1 54/3/1
f 56/3/1 29/3/1 28/3/1
f 57/3/1 29/3/1 56/3/1
f 59/3/1 43/3/1 42/3/1
f 59/3/1 58/3/1 57/3/1
f 59/3/1 57/3/1 56/3/1
f 59/3/1 56/3/1 55/3/1
f 59/3/1 55/3/1 54/3/1
f 59/3/1 54/3/1 53/3/1
f 59/3/1 33/3/1 32/3/1
f 59/3/1 52/3/1 51/3/1
f 59/3/1 53/3/1 52/3/1
f 59/3/1 50/3/1 49/3/1
f 59/3/1 35/3/1 34/3/1
f 59/3/1 48/3/1 47/3/1
f 59/3/1 51/3/1 50/3/1
f 59/3/1 46/3/1 45/3/1
f 59/3/1 37/3/1 36/3/1
f 59/3/1 44/3/1 43/3/1
f 59/3/1 49/3/1 48/3/1
f 59/3/1 42/3/1 41/3/1
f 59/3/1 39/3/1 38/3/1
f 59/3/1 40/3/1 39/3/1
f 59/3/1 47/3/1 46/3/1
f 59/3/1 38/3/1 37/3/1
f 59/3/1 41/3/1 40/3/1
f 59/3/1 36/3/1 35/3/1
f 59/3/1 45/3/1 44/3/1
f 59/3/1 34/3/1 33/3/1
f 59/3/1 32/3/1 31/3/1
f 60/3/1 58/3/1 59/3/1
f 61/3/1 58/3/1 60/3/1
f 62/3/1 58/3/1 61/3/1
f 63/3/1 58/3/1 62/3/1
f 64/3/1 58/3/1 63/3/1
f 65/3/1 58/3/1 64/3/1
f 66/3/1 58/3/1 65/3/1
f 67/3/1 58/3/1 66/3/1
f 68/3/1 58/3/1 67/3/1
f 69/3/1 58/3/1 68/3/1
f 70/3/1 58/3/1 69/3/1
f 71/3/1 58/3/1 70/3/1
f 72/3/1 58/3/1 71/3/1
f 73/3/1 58/3/1 72/3/1
f 74/3/1 58/3/1 73/3/1
f 75/3/1 58/3/1 74/3/1
f 76/3/1 58/3/1 75/3/1
f 77/3/1 58/3/1 76/3/1
f 78/3/1 58/3/1 77/3/1
f 79/3/1 58/3/1 78/3/1
f 80/3/1 58/3/1 79/3/1
f 81/3/1 58/3/1 80/3/1
f 82/3/1 58/3/1 81/3/1
f 83/3/1 58/3/1 82/3/1
f 84/3/1 58/3/1 83/3/1
f 85/3/1 58/3/1 84/3/1
f 86/3/1 58/3/1 85/3/1
f 88/3/1 61/3/1 60/3/1
f 89/3/1 61/3/1 88/3/1
f 90/3/1 63/3/1 62/3/1
f 91/3/1 63/3/1 90/3/1
f 92/3/1 65/3/1 64/3/1
f 93/3/1 65/3/1 92/3/1
f 94/3/1 67/3/1 66/3/1
f 95/3/1 67/3/1 94/3/1
f 96/3/1 69/3/1 68/3/1
f 97/3/1 69/3/1 96/3/1
f 98/3/1 71/3/1 70/3/1
f 99/3/1 71/3/1 98/3/1
f 100/3/1 73/3/1 72/3/1
f 101/3/1 73/3/1 100/3/1
f 102/3/1 75/3/1 74/3/1
f 103/3/1 75/3/1 102/3/1
f 104/3/1 77/3/1 76/3/1
f 105/3/1 77/3/1 104/3/1
f 106/3/1 79/3/1 78/3/1
f 107/3/1 79/3/1 106/3/1
f 108/3/1 81/3/1 80/3/1
f 109/3/1 81/3/1 108/3/1
f 110/3/1 83/3/1 82/3/1
f 111/3/1 83/3/1 110/3/1
f 112/3/1 85/3/1 84/3/1
f 113/3/1 85/3/1 112/3/1
f 115/3/1 99/3/1 98/3/1
f 115/3/1 114/3/1 113/3/1
f 115/3/1 113/3/1 112/3/1
f 115/3/1 112/3/1 111/3/1
f 115/3/1 111/3/1 110/3/1
f 115/3/1 110/3/1 109/3/1
f 115/3/1 89/3/1 88/3/1
f 115/3/1 108/3/1 107/3/1
f 115/3/1 109/3/1 108/3/1
f 115/3/1 106/3/1 105/3/1
f 115/3/1 91/3/1 90/3/1
f 115/3/1 104/3/1 103/3/1
f 115/3/1 107/3/1 106/3/1
f 115/3/1 102/3/1 101/3/1
f 115/3/1 93/3/1 92/3/1
f 115/3/1 100/3/1 99/3/1
f 115/3/1 105/3/1 104/3/1
f 115/3/1 98/3/1 97/3/1
f 115/3/1 95/3/1 94/3/1
f 115/3/1 96/3/1 95/3/1
f 115/3/1 103/3/1 102/3/1
f 115/3/1 94/3/1 93/3/1
f 115/3/1 97/3/1 96/3/1
f 115/3/1 92/3/1 91/3/1
f 115/3/1 101/3/1 100/3/1
f 115/3/1 90/3/1 89/3/1
f 115/3/1 88/3/1 87/3/1
f 116/3/1 114/3/1 115/3/1
f 117/3/1 114/3/1 116/3/1
f 118/3/1 114/3/1 117/3/1
f 119/3/1 114/3/1 118/3/1
f 120/3/1 114/3/1 119/3/1
f 121/3/1 114/3/1 120/3/1
f 122/3/1 114/3/1 121/3/1
f 123/3/1 114/3/1 122/3/1
f 124/3/1 114/3/1 123/3/1
f 125/3/1 114/3/1 124/3/1
f 126/3/1 114/3/1 125/3/1
f 127/3/1 114/3/1 126/3/1
f 128/3/1 114/3/1 127/3/1
f 129/3/1 114/3/1 128/3/1
f 130/3/1 114/3/1 129/3/1
f 131/3/1 114/3/1 130/3/1
f 132/3/1 114/3/1 131/3/1
f 133/3/1 114/3/1 132/3/1
f 134/3/1 114/3/1 133/3/1
f 135/3/1 114/3/1 134/3/1
f 136/3/1 114/3/1 135/3/1
f 137/3/1 114/3/1 136/3/1
f 138/3/1 114/3/1 137/3/1
f 139/3/1 114/3/1 138/3/1
f 140/3/1 114/3/1 139/3/1
f 141/3/1 114/3/1 140/3/1
f 142/3/1 114/3/1 141/3/1
f 143/3/1 117/3/1 116/3/1
f 144/3/1 117/3/1 143/3/1
f 145/3/1 121/3/1 120/3/1
f 146/3/1 121/3/1 145/3/1
f 147/3/1 125/3/1 124/3/1
f 148/3/1 125/3/1 147/3/1
f 149/3/1 129/3/1 128/3/1
f 150/3/1 129/3/1 149/3/1
f 151/3/1 133/3/1 132/3/1
f 152/3/1 133/3/1 151/3/1
f 153/3/1 137/3/1 136/3/1
f 154/3/1 137/3/1 153/3/1
f 155/3/1 141/3/1 140/3/1
f 156/3/1 141/3/1 155/3/1
f 157/3/1 119/3/1 118/3/1
f 158/3/1 119/3/1 157/3/1
f 159/3/1 123/3/1 122/3/1
f 160/3/1 123/3/1 159/3/1
f 161/3/1 127/3/1 126/3/1
f 162/3/1 127/3/1 161/3/1
f 163/3/1 131/3/1 130/3/1
f 164/3/1 131/3/1 163/3/1
f 165/3/1 135/3/1 134/3/1
f 166/3/1 135/3/1 165/3/1
f 167/3/1 139/3/1 138/3/1
f 168/3/1 139/3/1 167/3/1
f 195/4/1 170/4/1 169/4/1
f 196/4/1 170/4/1 195/4/1
f 197/4/1 172/4/1 171/4/1
f 198/4/1 172/4/1 197/4/1
f 199/4/1 174/4/1 173/4/1
f 200/4/1 174/4/1 199/4/1
f 201/4/1 176/4/1 175/4/1
f 202/4/1 176/4/1 201/4/1
f 203/4/1 178/4/1 177/4/1
f 204/4/1 178/4/1 203/4/1
f 205/4/1 180/4/1 179/4/1
f 206/4/1 180/4/1 205/4/1
f 207/4/1 182/4/1 181/4/1
f 208/4/1 182/4/1 207/4/1
f 209/4/1 184/4/1 183/4/1
f 210/4/1 184/4/1 209/4/1
f 211/4/1 186/4/1 185/4/1
f 212/4/1 186/4/1 211/4/1
f 213/4/1 188/4/1 187/4/1
f 214/4/1 188/4/1 213/4/1
f 215/4/1 190/4/1 189/4/1
f 216/4/1 190/4/1 215/4/1
f 217/4/1 192/4/1 191/4/1
f 218/4/1 192/4/1 217/4/1
f 219/4/1 194/4/1 193/4/1
f 220/4/1 194/4/1 219/4/1
f 247/4/1 222/4/1 221/4/1
f 248/4/1 222/4/1 247/4/1
f 249/4/1 224/4/1 223/4/1
f 250/4/1 224/4/1 249/4/1
f 251/4/1 226/4/1 225/4/1
f 252/4/1 226/4/1 251/4/1
f 253/4/1 228/4/1 227/4/1
f 254/4/1 228/4/1 253/4/1
f 255/4/1 230/4/1 229/4/1
f 256/4/1 230/4/1 255/4/1
f 257/4/1 232/4/1 231/4/1
f 258/4/1 232/4/1 257/4/1
f 259/4/1 234/4/1 233/4/1
f 260/4/1 234/4/1 259/4/1
f 261/4/1 236/4/1 235/4/1
f 262/4/1 236/4/1 261/4/1
f 263/4/1 238/4/1 237/4/1
f 264/4/1 238/4/1 263/4/1
f 265/4/1 240/4/1 239/4/1
f 266/4/1 240/4/1 265/4/1
f 267/4/1 242/4/1 241/4/1
f 268/4/1 242/4/1 267/4/1
f 269/4/1 244/4/1 243/4/1
f 270/4/1 244/4/1 269/4/1
f 271/4/1 246/4/1 245/4/1
f 272/4/1 246/4/1 271/4/1
f 275/3/1 274/3/1 273/3/1
f 276/3/1 274/3/1 275/3/1
f 279/3/1 278/3/1 277/3/1
f 280/3/1 278/3/1 279/3/1
f 281/3/1 278/3/1 280/3/1
f 284/3/1 283/3/1 282/3/1
f 285/3/1 283/3/1 284/3/1
f 288/3/1 287/3/1 286/3/1
f 289/3/1 287/3/1 288/3/1
f 292/3/1 291/3/1 290/3/1
f 293/3/1 292/3/1 290/3/1
f 294/3/1 292/3/1 293/3/1
f 299/5/1 296/5/1 295/5/1
f 300/5/1 296/5/1 299/5/1
f 307/3/1 298/3/1 297/3/1
f 308/3/1 298/3/1 307/3/1
f 309/1/1 302/1/1 301/1/1
f 310/1/1 302/1/1 309/1/1
f 311/2/1 304/2/1 303/2/1
f 312/2/1 304/2/1 311/2/1
f 313/6/1 306/6/1 305/6/1
f 314/6/1 306/6/1 313/6/1
f 317/2/1 316/2/1 315/2/1
f 318/2/1 316/2/1 317/2/1
f 321/6/1 320/6/1 319/6/1
f 322/6/1 320/6/1 321/6/1
f 333/5/1 326/5/1 325/5/1
f 336/5/1 328/5/1 327/5/1
f 338/5/1 330/5/1 329/5/1
f 339/5/1 332/5/1 331/5/1
f 340/5/1 332/5/1 339/5/1
f 342/5/1 324/5/1 323/5/1
f 343/5/1 324/5/1 342/5/1
f 345/5/1 334/5/1 333/5/1
f 345/5/1 333/5/1 325/5/1
f 346/5/1 334/5/1 345/5/1
f 347/5/1 336/5/1 335/5/1
f 348/5/1 328/5/1 336/5/1
f 348/5/1 336/5/1 347/5/1
f 349/5/1 338/5/1 337/5/1
f 350/5/1 330/5/1 338/5/1
f 350/5/1 338/5/1 349/5/1
f 353/5/1 344/5/1 343/5/1
f 353/5/1 343/5/1 342/5/1
f 353/5/1 342/5/1 341/5/1
f 354/5/1 344/5/1 353/5/1
f 355/5/1 344/5/1 354/5/1
f 356/5/1 344/5/1 355/5/1
f 358/5/1 345/5/1 325/5/1
f 359/5/1 345/5/1 358/5/1
f 361/5/1 328/5/1 348/5/1
f 364/5/1 330/5/1 350/5/1
f 365/5/1 330/5/1 364/5/1
f 368/5/1 352/5/1 351/5/1
f 369/5/1 352/5/1 368/5/1
f 371/1/1 358/1/1 357/1/1
f 372/1/1 358/1/1 371/1/1
f 373/1/1 360/1/1 359/1/1
f 374/1/1 360/1/1 373/1/1
f 375/5/1 362/5/1 361/5/1
f 375/5/1 361/5/1 348/5/1
f 376/5/1 362/5/1 375/5/1
f 377/2/1 364/2/1 363/2/1
f 378/2/1 364/2/1 377/2/1
f 379/2/1 366/2/1 365/2/1
f 380/2/1 366/2/1 379/2/1
f 381/6/1 368/6/1 367/6/1
f 382/6/1 368/6/1 381/6/1
f 383/6/1 370/6/1 369/6/1
f 384/6/1 370/6/1 383/6/1
f 385/5/1 355/5/1 354/5/1
f 388/5/1 375/5/1 348/5/1
f 389/5/1 375/5/1 388/5/1
f 391/5/1 386/5/1 385/5/1
f 391/5/1 385/5/1 354/5/1
f 392/5/1 386/5/1 391/5/1
f 393/2/1 388/2/1 387/2/1
f 394/2/1 388/2/1 393/2/1
f 395/2/1 390/2/1 389/2/1
f 396/2/1 390/2/1 395/2/1
f 398/5/1 391/5/1 354/5/1
f 399/5/1 391/5/1 398/5/1
f 401/6/1 398/6/1 397/6/1
f 402/6/1 398/6/1 401/6/1
f 403/6/1 400/6/1 399/6/1
f 404/6/1 400/6/1 403/6/1
f 407/3/1 406/3/1 405/3/1
f 408/3/1 406/3/1 407/3/1
f 411/3/1 410/3/1 409/3/1
f 412/3/1 410/3/1 411/3/1
f 413/3/1 410/3/1 412/3/1
f 418/5/1 415/5/1 414/5/1
f 419/5/1 415/5/1 418/5/1
f 420/3/1 417/3/1 416/3/1
f 421/3/1 417/3/1 420/3/1
f 424/1/1 423/1/1 422/1/1
f 425/1/1 423/1/1 424/1/1
f 428/3/1 427/3/1 426/3/1
f 429/3/1 427/3/1 428/3/1
f 432/3/1 431/3/1 430/3/1
f 435/3/1 432/3/1 430/3/1
f 436/3/1 432/3/1 435/3/1
f 439/5/1 434/5/1 433/5/1
f 440/5/1 434/5/1 439/5/1
f 441/3/1 438/3/1 437/3/1
f 442/3/1 438/3/1 441/3/1
f 446/5/1 444/5/1 443/5/1
f 447/5/1 444/5/1 446/5/1
f 449/1/1 446/1/1 445/1/1
f 450/1/1 446/1/1 449/1/1
f 451/1/1 448/1/1 447/1/1
f 452/1/1 448/1/1 451/1/1
f 455/5/1 454/5/1 453/5/1
f 456/5/1 454/5/1 455/5/1
f 459/6/1 458/6/1 457/6/1
f 460/6/1 458/6/1 459/6/1
f 463/3/1 462/3/1 461/3/1
f 464/3/1 462/3/1 463/3/1
f 469/3/1 466/3/1 465/3/1
f 470/5/1 468/5/1 467/5/1
f 471/5/1 468/5/1 470/5/1
f 472/3/1 466/3/1 469/3/1
f 473/3/1 466/3/1 472/3/1
f 479/5/1 475/5/1 474/5/1
f 480/5/1 475/5/1 479/5/1
f 484/6/1 479/6/1 478/6/1
f 485/6/1 479/6/1 484/6/1
f 486/6/1 481/6/1 480/6/1
f 487/6/1 481/6/1 486/6/1
f 488/5/1 483/5/1 482/5/1
f 489/5/1 483/5/1 488/5/1
f 490/3/1 477/3/1 476/3/1
f 491/3/1 477/3/1 490/3/1
f 494/1/1 493/1/1 492/1/1
f 495/1/1 493/1/1 494/1/1
f 498/3/1 497/3/1 496/3/1
f 499/3/1 497/3/1 498/3/1
f 502/3/1 501/3/1 500/3/1
f 505/3/1 502/3/1 500/3/1
f 506/3/1 502/3/1 505/3/1
f 511/5/1 504/5/1 503/5/1
f 512/5/1 504/5/1 511/5/1
f 513/3/1 508/3/1 507/3/1
f 514/3/1 508/3/1 513/3/1
f 515/2/1 510/2/1 509/2/1
f 516/2/1 510/2/1 515/2/1
f 520/5/1 518/5/1 517/5/1
f 521/5/1 518/5/1 520/5/1
f 523/5/1 521/5/1 520/5/1
f 523/5/1 522/5/1 521/5/1
f 523/5/1 520/5/1 519/5/1
f 524/5/1 522/5/1 523/5/1
f 525/5/1 522/5/1 524/5/1
f 526/5/1 522/5/1 525/5/1
f 528/5/1 525/5/1 524/5/1
f 529/5/1 525/5/1 528/5/1
f 531/1/1 528/1/1 527/1/1
f 532/1/1 528/1/1 531/1/1
f 533/1/1 530/1/1 529/1/1
f 534/1/1 530/1/1 533/1/1
f 538/5/1 536/5/1 535/5/1
f 539/5/1 536/5/1 538/5/1
f 545/2/1 538/2/1 537/2/1
f 546/2/1 538/2/1 545/2/1
f 547/2/1 540/2/1 539/2/1
f 548/2/1 540/2/1 547/2/1
f 549/6/1 542/6/1 541/6/1
f 550/6/1 542/6/1 549/6/1
f 551/2/1 544/2/1 543/2/1
f 552/2/1 544/2/1 551/2/1
f 555/2/1 554/2/1 553/2/1
f 556/2/1 554/2/1 555/2/1
f 559/3/1 558/3/1 557/3/1
f 560/3/1 558/3/1 559/3/1
f 569/3/1 562/3/1 561/3/1
f 570/5/1 566/5/1 565/5/1
f 572/3/1 562/3/1 569/3/1
f 573/3/1 562/3/1 572/3/1
f 575/5/1 564/5/1 563/5/1
f 576/5/1 571/5/1 570/5/1
f 576/5/1 570/5/1 565/5/1
f 577/5/1 571/5/1 576/5/1
f 580/5/1 575/5/1 574/5/1
f 581/5/1 564/5/1 575/5/1
f 581/5/1 575/5/1 580/5/1
f 582/5/1 564/5/1 581/5/1
f 585/5/1 576/5/1 565/5/1
f 586/5/1 576/5/1 585/5/1
f 589/5/1 568/5/1 567/5/1
f 590/5/1 568/5/1 589/5/1
f 592/3/1 579/3/1 578/3/1
f 593/3/1 579/3/1 592/3/1
f 594/5/1 583/5/1 582/5/1
f 594/5/1 582/5/1 581/5/1
f 595/5/1 583/5/1 594/5/1
f 596/6/1 585/6/1 584/6/1
f 597/6/1 585/6/1 596/6/1
f 598/6/1 587/6/1 586/6/1
f 599/6/1 587/6/1 598/6/1
f 600/2/1 589/2/1 588/2/1
f 601/2/1 589/2/1 600/2/1
f 602/2/1 591/2/1 590/2/1
f 603/2/1 591/2/1 602/2/1
f 605/5/1 594/5/1 581/5/1
f 606/5/1 605/5/1 604/5/1
f 607/5/1 594/5/1 605/5/1
f 607/5/1 605/5/1 606/5/1
f 609/5/1 594/5/1 607/5/1
f 610/5/1 594/5/1 609/5/1
f 612/2/1 609/2/1 608/2/1
f 613/2/1 609/2/1 612/2/1
f 614/2/1 611/2/1 610/2/1
f 615/2/1 611/2/1 614/2/1
f 618/3/1 617/3/1 616/3/1
f 619/3/1 617/3/1 618/3/1
f 622/3/1 621/3/1 620/3/1
f 623/3/1 622/3/1 620/3/1
f 624/3/1 622/3/1 623/3/1
f 627/3/1 626/3/1 625/3/1
f 628/3/1 626/3/1 627/3/1
f 631/3/1 630/3/1 629/3/1
f 632/3/1 630/3/1 631/3/1
f 635/3/1 634/3/1 633/3/1
f 636/3/1 634/3/1 635/3/1
f 637/3/1 634/3/1 636/3/1
f 642/2/1 641/2/1 640/2/1
f 643/2/1 641/2/1 642/2/1
f 644/3/1 639/3/1 638/3/1
f 645/3/1 639/3/1 644/3/1
f 648/2/1 647/2/1 646/2/1
f 649/2/1 647/2/1 648/2/1
f 652/3/1 651/3/1 650/3/1
f 653/3/1 651/3/1 652/3/1
f 656/3/1 655/3/1 654/3/1
f 661/3/1 656/3/1 654/3/1
f 662/3/1 656/3/1 661/3/1
f 663/5/1 658/5/1 657/5/1
f 671/5/1 663/5/1 657/5/1
f 671/5/1 664/5/1 663/5/1
f 672/5/1 664/5/1 671/5/1
f 674/5/1 660/5/1 659/5/1
f 675/5/1 666/5/1 665/5/1
f 676/5/1 666/5/1 675/5/1
f 677/5/1 670/5/1 669/5/1
f 678/5/1 670/5/1 677/5/1
f 680/5/1 671/5/1 657/5/1
f 681/5/1 671/5/1 680/5/1
f 685/5/1 674/5/1 673/5/1
f 686/5/1 660/5/1 674/5/1
f 686/5/1 674/5/1 685/5/1
f 687/5/1 660/5/1 686/5/1
f 691/3/1 668/3/1 667/3/1
f 692/3/1 668/3/1 691/3/1
f 693/2/1 680/2/1 679/2/1
f 694/2/1 680/2/1 693/2/1
f 695/2/1 682/2/1 681/2/1
f 696/2/1 682/2/1 695/2/1
f 697/1/1 684/1/1 683/1/1
f 698/1/1 684/1/1 697/1/1
f 699/5/1 688/5/1 687/5/1
f 699/5/1 687/5/1 686/5/1
f 700/5/1 688/5/1 699/5/1
f 701/2/1 690/2/1 689/2/1
f 702/2/1 690/2/1 701/2/1
f 706/5/1 699/5/1 686/5/1
f 707/5/1 699/5/1 706/5/1
f 709/1/1 704/1/1 703/1/1
f 710/1/1 704/1/1 709/1/1
f 711/2/1 706/2/1 705/2/1
f 712/2/1 706/2/1 711/2/1
f 713/2/1 708/2/1 707/2/1
f 714/2/1 708/2/1 713/2/1
f 721/5/1 720/5/1 719/5/1
f 722/5/1 720/5/1 721/5/1
f 723/5/1 716/5/1 715/5/1
f 724/5/1 716/5/1 723/5/1
f 730/5/1 718/5/1 717/5/1
f 731/5/1 718/5/1 730/5/1
f 734/5/1 726/5/1 725/5/1
f 735/5/1 726/5/1 734/5/1
f 737/1/1 730/1/1 729/1/1
f 738/1/1 730/1/1 737/1/1
f 739/1/1 732/1/1 731/1/1
f 740/1/1 732/1/1 739/1/1
f 741/2/1 734/2/1 733/2/1
f 742/2/1 734/2/1 741/2/1
f 743/2/1 736/2/1 735/2/1
f 744/2/1 736/2/1 743/2/1
f 746/5/1 728/5/1 727/5/1
f 747/5/1 728/5/1 746/5/1
f 749/1/1 746/1/1 745/1/1
f 750/1/1 746/1/1 749/1/1
f 751/1/1 748/1/1 747/1/1
f 752/1/1 748/1/1 751/1/1
f 755/3/1 754/3/1 753/3/1
f 756/3/1 754/3/1 755/3/1
f 759/3/1 758/3/1 757/3/1
f 760/3/1 758/3/1 759/3/1
f 761/3/1 758/3/1 760/3/1
f 764/3/1 763/3/1 762/3/1
f 765/3/1 763/3/1 764/3/1
f 768/3/1 767/3/1 766/3/1
f 769/3/1 767/3/1 768/3/1
f 772/3/1 771/3/1 770/3/1
f 773/3/1 772/3/1 770/3/1
f 774/3/1 772/3/1 773/3/1
f 777/3/1 776/3/1 775/3/1
f 778/3/1 776/3/1 777/3/1
f 806/3/1 780/3/1 779/3/1
f 807/3/1 780/3/1 806/3/1
f 808/3/1 782/3/1 781/3/1
f 809/3/1 782/3/1 808/3/1
f 810/3/1 784/3/1 783/3/1
f 811/3/1 784/3/1 810/3/1
f 812/3/1 786/3/1 785/3/1
f 813/3/1 786/3/1 812/3/1
f 814/3/1 788/3/1 787/3/1
f 815/3/1 788/3/1 814/3/1
f 816/3/1 790/3/1 789/3/1
f 817/3/1 790/3/1 816/3/1
f 818/3/1 792/3/1 791/3/1
f 819/3/1 792/3/1 818/3/1
f 820/3/1 794/3/1 793/3/1
f 821/3/1 794/3/1 820/3/1
f 822/3/1 796/3/1 795/3/1
f 823/3/1 796/3/1 822/3/1
f 824/3/1 798/3/1 797/3/1
f 825/3/1 798/3/1 824/3/1
f 826/3/1 800/3/1 799/3/1
f 827/3/1 800/3/1 826/3/1
f 828/3/1 802/3/1 801/3/1
f 829/3/1 802/3/1 828/3/1
f 830/3/1 804/3/1 803/3/1
f 831/3/1 804/3/1 830/3/1
f 833/3/1 829/3/1 828/3/1
f 833/3/1 832/3/1 831/3/1
f 833/3/1 831/3/1 830/3/1
f 833/3/1 830/3/1 829/3/1
f 833/3/1 807/3/1 806/3/1
f 833/3/1 828/3/1 827/3/1
f 833/3/1 809/3/1 808/3/1
f 833/3/1 826/3/1 825/3/1
f 833/3/1 811/3/1 810/3/1
f 833/3/1 824/3/1 823/3/1
f 833/3/1 813/3/1 812/3/1
f 833/3/1 822/3/1 821/3/1
f 833/3/1 815/3/1 814/3/1
f 833/3/1 820/3/1 819/3/1
f 833/3/1 817/3/1 816/3/1
f 833/3/1 818/3/1 817/3/1
f 833/3/1 819/3/1 818/3/1
f 833/3/1 816/3/1 815/3/1
f 833/3/1 821/3/1 820/3/1
f 833/3/1 814/3/1 813/3/1
f 833/3/1 823/3/1 822/3/1
f 833/3/1 812/3/1 811/3/1
f 833/3/1 825/3/1 824/3/1
f 833/3/1 810/3/1 809/3/1
f 833/3/1 827/3/1 826/3/1
f 833/3/1 808/3/1 807/3/1
f 833/3/1 806/3/1 805/3/1
f 834/3/1 832/3/1 833/3/1
f 835/3/1 832/3/1 834/3/1
f 836/3/1 832/3/1 835/3/1
f 837/3/1 832/3/1 836/3/1
f 838/3/1 832/3/1 837/3/1
f 839/3/1 832/3/1 838/3/1
f 840/3/1 832/3/1 839/3/1
f 841/3/1 832/3/1 840/3/1
f 842/3/1 832/3/1 841/3/1
f 843/3/1 832/3/1 842/3/1
f 844/3/1 832/3/1 843/3/1
f 845/3/1 832/3/1 844/3/1
f 846/3/1 832/3/1 845/3/1
f 847/3/1 832/3/1 846/3/1
f 848/3/1 832/3/1 847/3/1
f 849/3/1 832/3/1 848/3/1
f 850/3/1 832/3/1 849/3/1
f 851/3/1 832/3/1 850/3/1
f 852/3/1 832/3/1 851/3/1
f 853/3/1 832/3/1 852/3/1
f 854/3/1 832/3/1 853/3/1
f 855/3/1 832/3/1 854/3/1
f 856/3/1 832/3/1 855/3/1
f 857/3/1 832/3/1 856/3/1
f 858/3/1 832/3/1 857/3/1
f 859/3/1 832/3/1 858/3/1
f 860/3/1 832/3/1 859/3/1
f 861/3/1 837/3/1 836/3/1
f 862/3/1 837/3/1 861/3/1
f 863/3/1 841/3/1 840/3/1
f 864/3/1 841/3/1 863/3/1
f 865/3/1 845/3/1 844/3/1
f 866/3/1 845/3/1 865/3/1
f 867/3/1 849/3/1 848/3/1
f 868/3/1 849/3/1 867/3/1
f 869/3/1 853/3/1 852/3/1
f 870/3/1 853/3/1 869/3/1
f 871/3/1 857/3/1 856/3/1
f 872/3/1 857/3/1 871/3/1
f 873/3/1 835/3/1 834/3/1
f 874/3/1 835/3/1 873/3/1
f 875/3/1 839/3/1 838/3/1
f 876/3/1 839/3/1 875/3/1
f 877/3/1 843/3/1 842/3/1
f 878/3/1 843/3/1 877/3/1
f 879/3/1 847/3/1 846/3/1
f 880/3/1 847/3/1 879/3/1
f 881/3/1 851/3/1 850/3/1
f 882/3/1 851/3/1 881/3/1
f 883/3/1 855/3/1 854/3/1
f 884/3/1 855/3/1 883/3/1
f 885/3/1 859/3/1 858/3/1
f 886/3/1 859/3/1 885/3/1
f 887/3/2 888/3/2 913/3/2
f 913/3/2 888/3/2 914/3/2
f 889/3/2 890/3/2 915/3/2
f 915/3/2 890/3/2 916/3/2
f 891/3/2 892/3/2 917/3/2
f 917/3/2 892/3/2 918/3/2
f 893/3/2 894/3/2 919/3/2
f 919/3/2 894/3/2 920/3/2
f 895/3/2 896/3/2 921/3/2
f 921/3/2 896/3/2 922/3/2
f 897/3/2 898/3/2 923/3/2
f 923/3/2 898/3/2 924/3/2
f 899/3/2 900/3/2 925/3/2
f 925/3/2 900/3/2 926/3/2
f 901/3/2 902/3/2 927/3/2
f 927/3/2 902/3/2 928/3/2
f 903/3/2 904/3/2 929/3/2
f 929/3/2 904/3/2 930/3/2
f 905/3/2 906/3/2 931/3/2
f 931/3/2 906/3/2 932/3/2
f 907/3/2 908/3/2 933/3/2
f 933/3/2 908/3/2 934/3/2
f 909/3/2 910/3/2 935/3/2
f 935/3/2 910/3/2 936/3/2
f 911/3/2 912/3/2 937/3/2
f 937/3/2 912/3/2 938/3/2
f 935/3/2 936/3/2 940/3/2
f 938/3/2 939/3/2 940/3/2
f 937/3/2 938/3/2 940/3/2
f 936/3/2 937/3/2 940/3/2
f 913/3/2 914/3/2 940/3/2
f 934/3/2 935/3/2 940/3/2
f 915/3/2 916/3/2 940/3/2
f 932/3/2 933/3/2 940/3/2
f 917/3/2 918/3/2 940/3/2
f 930/3/2 931/3/2 940/3/2
f 919/3/2 920/3/2 940/3/2
f 928/3/2 929/3/2 940/3/2
f 921/3/2 922/3/2 940/3/2
f 926/3/2 927/3/2 940/3/2
f 923/3/2 924/3/2 940/3/2
f 924/3/2 925/3/2 940/3/2
f 925/3/2 926/3/2 940/3/2
f 922/3/2 923/3/2 940/3/2
f 927/3/2 928/3/2 940/3/2
f 920/3/2 921/3/2 940/3/2
f 929/3/2 930/3/2 940/3/2
f 918/3/2 919/3/2 940/3/2
f 931/3/2 932/3/2 940/3/2
f 916/3/2 917/3/2 940/3/2
f 933/3/2 934/3/2 940/3/2
f 914/3/2 915/3/2 940/3/2
f 940/3/2 939/3/2 941/3/2
f 941/3/2 939/3/2 942/3/2
f 942/3/2 939/3/2 943/3/2
f 943/3/2 939/3/2 944/3/2
f 944/3/2 939/3/2 945/3/2
f 945/3/2 939/3/2 946/3/2
f 946/3/2 939/3/2 947/3/2
f 947/3/2 939/3/2 948/3/2
f 948/3/2 939/3/2 949/3/2
f 949/3/2 939/3/2 950/3/2
f 950/3/2 939/3/2 951/3/2
f 951/3/2 939/3/2 952/3/2
f 952/3/2 939/3/2 953/3/2
f 953/3/2 939/3/2 954/3/2
f 954/3/2 939/3/2 955/3/2
f 955/3/2 939/3/2 956/3/2
f 956/3/2 939/3/2 957/3/2
f 957/3/2 939/3/2 958/3/2
f 958/3/2 939/3/2 959/3/2
f 959/3/2 939/3/2 960/3/2
f 960/3/2 939/3/2 961/3/2
f 961/3/2 939/3/2 962/3/2
f 962/3/2 939/3/2 963/3/2
f 963/3/2 939/3/2 964/3/2
f 964/3/2 939/3/2 965/3/2
f 965/3/2 939/3/2 966/3/2
f 940/3/2 941/3/2 967/3/2
f 967/3/2 941/3/2 968/3/2
f 944/3/2 945/3/2 969/3/2
f 969/3/2 945/3/2 970/3/2
f 948/3/2 949/3/2 971/3/2
f 971/3/2 949/3/2 972/3/2
f 952/3/2 953/3/2 973/3/2
f 973/3/2 953/3/2 974/3/2
f 956/3/2 957/3/2 975/3/2
f 975/3/2 957/3/2 976/3/2
f 960/3/2 961/3/2 977/3/2
f 977/3/2 961/3/2 978/3/2
f 964/3/2 965/3/2 979/3/2
f 979/3/2 965/3/2 980/3/2
f 942/3/2 943/3/2 981/3/2
f 981/3/2 943/3/2 982/3/2
f 946/3/2 947/3/2 983/3/2
f 983/3/2 947/3/2 984/3/2
f 950/3/2 951/3/2 985/3/2
f 985/3/2 951/3/2 986/3/2
f 954/3/2 955/3/2 987/3/2
f 987/3/2 955/3/2 988/3/2
f 958/3/2 959/3/2 989/3/2
f 989/3/2 959/3/2 990/3/2
f 962/3/2 963/3/2 991/3/2
f 991/3/2 963/3/2 992/3/2
f 993/3/2 994/3/2 995/3/2
f 995/3/2 994/3/2 996/3/2
f 997/3/2 998/3/2 999/3/2
f 999/3/2 998/3/2 1000/3/2
f 1000/3/2 998/3/2 1001/3/2
f 1002/3/2 1003/3/2 1004/3/2
f 1004/3/2 1003/3/2 1005/3/2
f 1006/3/2 1007/3/2 1008/3/2
f 1008/3/2 1007/3/2 1009/3/2
f 1010/3/2 1011/3/2 1012/3/2
f 1010/3/2 1012/3/2 1013/3/2
f 1013/3/2 1012/3/2 1014/3/2
f 1015/3/2 1016/3/2 1017/3/2
f 1017/3/2 1016/3/2 1018/3/2
f 1021/5/2 1022/5/2 1029/5/2
f 1023/5/2 1024/5/2 1032/5/2
f 1025/5/2 1026/5/2 1034/5/2
f 1019/5/2 1020/5/2 1036/5/2
f 1036/5/2 1020/5/2 1037/5/2
f 1029/5/2 1030/5/2 1039/5/2
f 1021/5/2 1029/5/2 1039/5/2
f 1039/5/2 1030/5/2 1040/5/2
f 1031/5/2 1032/5/2 1041/5/2
f 1032/5/2 1024/5/2 1042/5/2
f 1041/5/2 1032/5/2 1042/5/2
f 1033/5/2 1034/5/2 1043/5/2
f 1034/5/2 1026/5/2 1044/5/2
f 1043/5/2 1034/5/2 1044/5/2
f 1037/5/2 1038/5/2 1045/5/2
f 1036/5/2 1037/5/2 1045/5/2
f 1035/5/2 1036/5/2 1045/5/2
f 1045/5/2 1038/5/2 1046/5/2
f 1046/5/2 1038/5/2 1047/5/2
f 1047/5/2 1038/5/2 1048/5/2
f 1021/5/2 1039/5/2 1050/5/2
f 1050/5/2 1039/5/2 1051/5/2
f 1042/5/2 1024/5/2 1053/5/2
f 1044/5/2 1026/5/2 1056/5/2
f 1056/5/2 1026/5/2 1057/5/2
f 1027/5/2 1028/5/2 1060/5/2
f 1060/5/2 1028/5/2 1061/5/2
f 1049/1/2 1050/1/2 1063/1/2
f 1063/1/2 1050/1/2 1064/1/2
f 1051/1/2 1052/1/2 1065/1/2
f 1065/1/2 1052/1/2 1066/1/2
f 1053/5/2 1054/5/2 1067/5/2
f 1042/5/2 1053/5/2 1067/5/2
f 1067/5/2 1054/5/2 1068/5/2
f 1055/2/2 1056/2/2 1069/2/2
f 1069/2/2 1056/2/2 1070/2/2
f 1057/2/2 1058/2/2 1071/2/2
f 1071/2/2 1058/2/2 1072/2/2
f 1059/6/2 1060/6/2 1073/6/2
f 1073/6/2 1060/6/2 1074/6/2
f 1061/6/2 1062/6/2 1075/6/2
f 1075/6/2 1062/6/2 1076/6/2
f 1046/5/2 1047/5/2 1077/5/2
f 1042/5/2 1067/5/2 1080/5/2
f 1080/5/2 1067/5/2 1081/5/2
f 1077/5/2 1078/5/2 1083/5/2
f 1046/5/2 1077/5/2 1083/5/2
f 1083/5/2 1078/5/2 1084/5/2
f 1079/2/2 1080/2/2 1085/2/2
f 1085/2/2 1080/2/2 1086/2/2
f 1081/2/2 1082/2/2 1087/2/2
f 1087/2/2 1082/2/2 1088/2/2
f 1046/5/2 1083/5/2 1090/5/2
f 1090/5/2 1083/5/2 1091/5/2
f 1089/6/2 1090/6/2 1093/6/2
f 1093/6/2 1090/6/2 1094/6/2
f 1091/6/2 1092/6/2 1095/6/2
f 1095/6/2 1092/6/2 1096/6/2
f 1097/3/2 1098/3/2 1099/3/2
f 1099/3/2 1098/3/2 1100/3/2
f 1101/3/2 1102/3/2 1103/3/2
f 1103/3/2 1102/3/2 1104/3/2
f 1104/3/2 1102/3/2 1105/3/2
f 1106/3/2 1107/3/2 1114/3/2
f 1114/3/2 1107/3/2 1115/3/2
f 1108/1/2 1109/1/2 1116/1/2
f 1116/1/2 1109/1/2 1117/1/2
f 1110/2/2 1111/2/2 1118/2/2
f 1118/2/2 1111/2/2 1119/2/2
f 1112/6/2 1113/6/2 1120/6/2
f 1120/6/2 1113/6/2 1121/6/2
f 1122/2/2 1123/2/2 1124/2/2
f 1124/2/2 1123/2/2 1125/2/2
f 1126/6/2 1127/6/2 1128/6/2
f 1128/6/2 1127/6/2 1129/6/2
f 1130/3/2 1131/3/2 1132/3/2
f 1132/3/2 1131/3/2 1133/3/2
f 1134/3/2 1135/3/2 1136/3/2
f 1134/3/2 1136/3/2 1139/3/2
f 1139/3/2 1136/3/2 1140/3/2
f 1137/5/2 1138/5/2 1141/5/2
f 1141/5/2 1138/5/2 1142/5/2
f 1143/3/2 1144/3/2 1147/3/2
f 1147/3/2 1144/3/2 1148/3/2
f 1145/5/2 1146/5/2 1150/5/2
f 1150/5/2 1146/5/2 1151/5/2
f 1149/1/2 1150/1/2 1153/1/2
f 1153/1/2 1150/1/2 1154/1/2
f 1151/1/2 1152/1/2 1155/1/2
f 1155/1/2 1152/1/2 1156/1/2
f 1157/5/2 1158/5/2 1159/5/2
f 1159/5/2 1158/5/2 1160/5/2
f 1161/1/2 1162/1/2 1163/1/2
f 1163/1/2 1162/1/2 1164/1/2
f 1165/3/2 1166/3/2 1167/3/2
f 1167/3/2 1166/3/2 1168/3/2
f 1169/3/2 1170/3/2 1173/3/2
f 1173/3/2 1170/3/2 1174/3/2
f 1174/3/2 1170/3/2 1175/3/2
f 1171/5/2 1172/5/2 1179/5/2
f 1179/5/2 1172/5/2 1180/5/2
f 1178/6/2 1179/6/2 1182/6/2
f 1182/6/2 1179/6/2 1183/6/2
f 1180/6/2 1181/6/2 1184/6/2
f 1184/6/2 1181/6/2 1185/6/2
f 1176/3/2 1177/3/2 1186/3/2
f 1186/3/2 1177/3/2 1187/3/2
f 1188/3/2 1189/3/2 1190/3/2
f 1190/3/2 1189/3/2 1191/3/2
f 1192/3/2 1193/3/2 1194/3/2
f 1192/3/2 1194/3/2 1197/3/2
f 1197/3/2 1194/3/2 1198/3/2
f 1199/3/2 1200/3/2 1203/3/2
f 1203/3/2 1200/3/2 1204/3/2
f 1201/6/2 1202/6/2 1205/6/2
f 1205/6/2 1202/6/2 1206/6/2
f 1195/5/2 1196/5/2 1208/5/2
f 1208/5/2 1196/5/2 1209/5/2
f 1207/5/2 1208/5/2 1211/5/2
f 1209/5/2 1210/5/2 1211/5/2
f 1208/5/2 1209/5/2 1211/5/2
f 1211/5/2 1210/5/2 1212/5/2
f 1212/5/2 1210/5/2 1213/5/2
f 1213/5/2 1210/5/2 1214/5/2
f 1212/5/2 1213/5/2 1216/5/2
f 1216/5/2 1213/5/2 1217/5/2
f 1215/1/2 1216/1/2 1219/1/2
f 1219/1/2 1216/1/2 1220/1/2
f 1217/1/2 1218/1/2 1221/1/2
f 1221/1/2 1218/1/2 1222/1/2
f 1223/5/2 1224/5/2 1225/5/2
f 1225/5/2 1224/5/2 1226/5/2
f 1227/5/2 1228/5/2 1230/5/2
f 1230/5/2 1228/5/2 1231/5/2
f 1229/2/2 1230/2/2 1233/2/2
f 1233/2/2 1230/2/2 1234/2/2
f 1231/2/2 1232/2/2 1235/2/2
f 1235/2/2 1232/2/2 1236/2/2
f 1237/1/2 1238/1/2 1239/1/2
f 1239/1/2 1238/1/2 1240/1/2
f 1241/3/2 1242/3/2 1243/3/2
f 1243/3/2 1242/3/2 1244/3/2
f 1245/3/2 1246/3/2 1253/3/2
f 1249/5/2 1250/5/2 1256/5/2
f 1253/3/2 1246/3/2 1258/3/2
f 1258/3/2 1246/3/2 1259/3/2
f 1254/5/2 1255/5/2 1260/5/2
f 1260/5/2 1255/5/2 1261/5/2
f 1247/5/2 1248/5/2 1263/5/2
f 1256/5/2 1257/5/2 1264/5/2
f 1249/5/2 1256/5/2 1264/5/2
f 1264/5/2 1257/5/2 1265/5/2
f 1262/5/2 1263/5/2 1270/5/2
f 1263/5/2 1248/5/2 1271/5/2
f 1270/5/2 1263/5/2 1271/5/2
f 1271/5/2 1248/5/2 1272/5/2
f 1249/5/2 1264/5/2 1275/5/2
f 1275/5/2 1264/5/2 1276/5/2
f 1251/5/2 1252/5/2 1279/5/2
f 1279/5/2 1252/5/2 1280/5/2
f 1266/3/2 1267/3/2 1282/3/2
f 1282/3/2 1267/3/2 1283/3/2
f 1268/2/2 1269/2/2 1284/2/2
f 1284/2/2 1269/2/2 1285/2/2
f 1272/5/2 1273/5/2 1286/5/2
f 1271/5/2 1272/5/2 1286/5/2
f 1286/5/2 1273/5/2 1287/5/2
f 1274/6/2 1275/6/2 1288/6/2
f 1288/6/2 1275/6/2 1289/6/2
f 1276/6/2 1277/6/2 1290/6/2
f 1290/6/2 1277/6/2 1291/6/2
f 1278/2/2 1279/2/2 1292/2/2
f 1292/2/2 1279/2/2 1293/2/2
f 1280/2/2 1281/2/2 1294/2/2
f 1294/2/2 1281/2/2 1295/2/2
f 1271/5/2 1286/5/2 1297/5/2
f 1296/5/2 1297/5/2 1298/5/2
f 1297/5/2 1286/5/2 1299/5/2
f 1298/5/2 1297/5/2 1299/5/2
f 1299/5/2 1286/5/2 1301/5/2
f 1301/5/2 1286/5/2 1302/5/2
f 1300/2/2 1301/2/2 1304/2/2
f 1304/2/2 1301/2/2 1305/2/2
f 1302/2/2 1303/2/2 1306/2/2
f 1306/2/2 1303/2/2 1307/2/2
f 1308/3/2 1309/3/2 1310/3/2
f 1310/3/2 1309/3/2 1311/3/2
f 1312/3/2 1313/3/2 1314/3/2
f 1312/3/2 1314/3/2 1315/3/2
f 1315/3/2 1314/3/2 1316/3/2
f 1317/3/2 1318/3/2 1319/3/2
f 1319/3/2 1318/3/2 1320/3/2
f 1321/6/2 1322/6/2 1325/6/2
f 1325/6/2 1322/6/2 1326/6/2
f 1323/2/2 1324/2/2 1327/2/2
f 1327/2/2 1324/2/2 1328/2/2
f 1329/2/2 1330/2/2 1331/2/2
f 1331/2/2 1330/2/2 1332/2/2
f 1333/3/2 1334/3/2 1335/3/2
f 1335/3/2 1334/3/2 1336/3/2
f 1337/3/2 1338/3/2 1339/3/2
f 1339/3/2 1338/3/2 1340/3/2
f 1340/3/2 1338/3/2 1341/3/2
f 1342/3/2 1343/3/2 1344/3/2
f 1344/3/2 1343/3/2 1345/3/2
f 1346/3/2 1347/3/2 1348/3/2
f 1348/3/2 1347/3/2 1349/3/2
f 1350/3/2 1351/3/2 1352/3/2
f 1350/3/2 1352/3/2 1357/3/2
f 1357/3/2 1352/3/2 1358/3/2
f 1353/5/2 1354/5/2 1359/5/2
f 1359/5/2 1360/5/2 1363/5/2
f 1353/5/2 1359/5/2 1363/5/2
f 1363/5/2 1360/5/2 1364/5/2
f 1355/5/2 1356/5/2 1366/5/2
f 1353/5/2 1363/5/2 1368/5/2
f 1368/5/2 1363/5/2 1369/5/2
f 1365/5/2 1366/5/2 1371/5/2
f 1366/5/2 1356/5/2 1372/5/2
f 1371/5/2 1366/5/2 1372/5/2
f 1372/5/2 1356/5/2 1373/5/2
f 1361/3/2 1362/3/2 1375/3/2
f 1375/3/2 1362/3/2 1376/3/2
f 1367/2/2 1368/2/2 1377/2/2
f 1377/2/2 1368/2/2 1378/2/2
f 1369/2/2 1370/2/2 1379/2/2
f 1379/2/2 1370/2/2 1380/2/2
f 1373/5/2 1374/5/2 1381/5/2
f 1372/5/2 1373/5/2 1381/5/2
f 1381/5/2 1374/5/2 1382/5/2
f 1372/5/2 1381/5/2 1384/5/2
f 1384/5/2 1381/5/2 1385/5/2
f 1383/2/2 1384/2/2 1387/2/2
f 1387/2/2 1384/2/2 1388/2/2
f 1385/2/2 1386/2/2 1389/2/2
f 1389/2/2 1386/2/2 1390/2/2
f 1391/5/2 1392/5/2 1397/5/2
f 1397/5/2 1392/5/2 1398/5/2
f 1393/5/2 1394/5/2 1399/5/2
f 1399/5/2 1394/5/2 1400/5/2
f 1403/5/2 1404/5/2 1408/5/2
f 1408/5/2 1404/5/2 1409/5/2
f 1395/5/2 1396/5/2 1412/5/2
f 1412/5/2 1396/5/2 1413/5/2
f 1405/2/2 1406/2/2 1415/2/2
f 1415/2/2 1406/2/2 1416/2/2
f 1407/1/2 1408/1/2 1417/1/2
f 1417/1/2 1408/1/2 1418/1/2
f 1409/1/2 1410/1/2 1419/1/2
f 1419/1/2 1410/1/2 1420/1/2
f 1411/2/2 1412/2/2 1421/2/2
f 1421/2/2 1412/2/2 1422/2/2
f 1413/2/2 1414/2/2 1423/2/2
f 1423/2/2 1414/2/2 1424/2/2
f 1401/5/2 1402/5/2 1426/5/2
f 1426/5/2 1402/5/2 1427/5/2
f 1425/1/2 1426/1/2 1431/1/2
f 1431/1/2 1426/1/2 1432/1/2
f 1427/1/2 1428/1/2 1433/1/2
f 1433/1/2 1428/1/2 1434/1/2
f 1429/2/2 1430/2/2 1435/2/2
f 1435/2/2 1430/2/2 1436/2/2
f 1437/3/2 1438/3/2 1439/3/2
f 1439/3/2 1438/3/2 1440/3/2
f 1441/3/2 1442/3/2 1443/3/2
f 1443/3/2 1442/3/2 1448/3/2
f 1448/3/2 1442/3/2 1449/3/2
f 1444/5/2 1445/5/2 1450/5/2
f 1450/5/2 1445/5/2 1451/5/2
f 1446/5/2 1447/5/2 1452/5/2
f 1452/5/2 1447/5/2 1453/5/2
f 1454/3/2 1455/3/2 1460/3/2
f 1460/3/2 1455/3/2 1461/3/2
f 1456/1/2 1457/1/2 1462/1/2
f 1462/1/2 1457/1/2 1463/1/2
f 1458/2/2 1459/2/2 1464/2/2
f 1464/2/2 1459/2/2 1465/2/2
f 1466/1/2 1467/1/2 1468/1/2
f 1468/1/2 1467/1/2 1469/1/2
f 1470/3/2 1471/3/2 1499/3/2
f 1471/4/2 1472/4/2 1500/4/2
f 1499/3/2 1471/3/2 1500/3/2
f 1500/4/2 1472/4/2 1501/4/2
f 1473/4/2 1474/4/2 1502/4/2
f 1502/4/2 1474/4/2 1503/4/2
f 1475/4/2 1476/4/2 1504/4/2
f 1504/4/2 1476/4/2 1505/4/2
f 1477/4/2 1478/4/2 1506/4/2
f 1506/4/2 1478/4/2 1507/4/2
f 1479/4/2 1480/4/2 1508/4/2
f 1508/4/2 1480/4/2 1509/4/2
f 1481/4/2 1482/4/2 1510/4/2
f 1510/4/2 1482/4/2 1511/4/2
f 1483/4/2 1484/4/2 1512/4/2
f 1512/4/2 1484/4/2 1513/4/2
f 1485/4/2 1486/4/2 1514/4/2
f 1514/4/2 1486/4/2 1515/4/2
f 1487/4/2 1488/4/2 1516/4/2
f 1516/4/2 1488/4/2 1517/4/2
f 1489/4/2 1490/4/2 1518/4/2
f 1518/4/2 1490/4/2 1519/4/2
f 1491/4/2 1492/4/2 1520/4/2
f 1520/4/2 1492/4/2 1521/4/2
f 1493/4/2 1494/4/2 1522/4/2
f 1522/4/2 1494/4/2 1523/4/2
f 1495/4/2 1496/4/2 1524/4/2
f 1524/4/2 1496/4/2 1525/4/2
f 1497/4/2 1498/4/2 1526/4/2
f 1526/4/2 1498/4/2 1527/4/2
f 1528/3/2 1529/3/2 1557/3/2
f 1529/4/2 1530/4/2 1557/4/2
f 1557/4/2 1530/4/2 1558/4/2
f 1531/4/2 1532/4/2 1559/4/2
f 1559/4/2 1532/4/2 1560/4/2
f 1533/4/2 1534/4/2 1561/4/2
f 1561/4/2 1534/4/2 1562/4/2
f 1535/4/2 1536/4/2 1563/4/2
f 1563/4/2 1536/4/2 1564/4/2
f 1537/4/2 1538/4/2 1565/4/2
f 1565/4/2 1538/4/2 1566/4/2
f 1539/4/2 1540/4/2 1567/4/2
f 1567/4/2 1540/4/2 1568/4/2
f 1541/4/2 1542/4/2 1569/4/2
f 1569/4/2 1542/4/2 1570/4/2
f 1543/4/2 1544/4/2 1571/4/2
f 1571/4/2 1544/4/2 1572/4/2
f 1545/4/2 1546/4/2 1573/4/2
f 1573/4/2 1546/4/2 1574/4/2
f 1547/4/2 1548/4/2 1575/4/2
f 1575/4/2 1548/4/2 1576/4/2
f 1549/4/2 1550/4/2 1577/4/2
f 1577/4/2 1550/4/2 1578/4/2
f 1551/4/2 1552/4/2 1579/4/2
f 1579/4/2 1552/4/2 1580/4/2
f 1553/4/2 1554/4/2 1581/4/2
f 1581/4/2 1554/4/2 1582/4/2
f 1555/4/2 1556/4/2 1583/4/2
f 1583/4/2 1556/4/2 1584/4/2
f 1528/3/2 1557/3/2 1585/3/2
f 1585/3/2 1557/3/2 1586/3/2
f 1587/3/2 1588/3/2 1589/3/2
f 1589/3/2 1588/3/2 1590/3/2
f 1591/3/2 1592/3/2 1593/3/2
f 1593/3/2 1592/3/2 1594/3/2
f 1594/3/2 1592/3/2 1595/3/2
f 1595/3/2 1592/3/2 1596/3/2
f 1596/3/2 1592/3/2 1597/3/2
f 1597/3/2 1592/3/2 1598/3/2
f 1598/3/2 1592/3/2 1599/3/2
f 1599/3/2 1592/3/2 1600/3/2
f 1600/3/2 1592/3/2 1601/3/2
f 1601/3/2 1592/3/2 1602/3/2
f 1602/3/2 1592/3/2 1603/3/2
f 1603/3/2 1592/3/2 1604/3/2
f 1604/3/2 1592/3/2 1605/3/2
f 1605/3/2 1592/3/2 1606/3/2
f 1606/3/2 1592/3/2 1607/3/2
f 1607/3/2 1592/3/2 1608/3/2
f 1608/3/2 1592/3/2 1609/3/2
f 1609/3/2 1592/3/2 1610/3/2
f 1610/3/2 1592/3/2 1611/3/2
f 1611/3/2 1592/3/2 1612/3/2
f 1612/3/2 1592/3/2 1613/3/2
f 1613/3/2 1592/3/2 1614/3/2
f 1614/3/2 1592/3/2 1615/3/2
f 1615/3/2 1592/3/2 1616/3/2
f 1616/3/2 1592/3/2 1617/3/2
f 1617/3/2 1592/3/2 1618/3/2
f 1618/3/2 1592/3/2 1619/3/2
f 1619/3/2 1592/3/2 1620/3/2
f 1594/3/2 1595/3/2 1622/3/2
f 1622/3/2 1595/3/2 1623/3/2
f 1596/3/2 1597/3/2 1624/3/2
f 1624/3/2 1597/3/2 1625/3/2
f 1598/3/2 1599/3/2 1626/3/2
f 1626/3/2 1599/3/2 1627/3/2
f 1600/3/2 1601/3/2 1628/3/2
f 1628/3/2 1601/3/2 1629/3/2
f 1602/3/2 1603/3/2 1630/3/2
f 1630/3/2 1603/3/2 1631/3/2
f 1604/3/2 1605/3/2 1632/3/2
f 1632/3/2 1605/3/2 1633/3/2
f 1606/3/2 1607/3/2 1634/3/2
f 1634/3/2 1607/3/2 1635/3/2
f 1608/3/2 1609/3/2 1636/3/2
f 1636/3/2 1609/3/2 1637/3/2
f 1610/3/2 1611/3/2 1638/3/2
f 1638/3/2 1611/3/2 1639/3/2
f 1612/3/2 1613/3/2 1640/3/2
f 1640/3/2 1613/3/2 1641/3/2
f 1614/3/2 1615/3/2 1642/3/2
f 1642/3/2 1615/3/2 1643/3/2
f 1616/3/2 1617/3/2 1644/3/2
f 1644/3/2 1617/3/2 1645/3/2
f 1618/3/2 1619/3/2 1646/3/2
f 1646/3/2 1619/3/2 1647/3/2
f 1632/3/2 1633/3/2 1649/3/2
f 1647/3/2 1648/3/2 1649/3/2
f 1646/3/2 1647/3/2 1649/3/2
f 1645/3/2 1646/3/2 1649/3/2
f 1644/3/2 1645/3/2 1649/3/2
f 1643/3/2 1644/3/2 1649/3/2
f 1622/3/2 1623/3/2 1649/3/2
f 1641/3/2 1642/3/2 1649/3/2
f 1642/3/2 1643/3/2 1649/3/2
f 1639/3/2 1640/3/2 1649/3/2
f 1624/3/2 1625/3/2 1649/3/2
f 1637/3/2 1638/3/2 1649/3/2
f 1640/3/2 1641/3/2 1649/3/2
f 1635/3/2 1636/3/2 1649/3/2
f 1626/3/2 1627/3/2 1649/3/2
f 1633/3/2 1634/3/2 1649/3/2
f 1638/3/2 1639/3/2 1649/3/2
f 1631/3/2 1632/3/2 1649/3/2
f 1628/3/2 1629/3/2 1649/3/2
f 1629/3/2 1630/3/2 1649/3/2
f 1636/3/2 1637/3/2 1649/3/2
f 1627/3/2 1628/3/2 1649/3/2
f 1630/3/2 1631/3/2 1649/3/2
f 1625/3/2 1626/3/2 1649/3/2
f 1634/3/2 1635/3/2 1649/3/2
f 1623/3/2 1624/3/2 1649/3/2
f 1621/3/2 1622/3/2 1649/3/2
f 1649/3/2 1648/3/2 1650/3/2
f 1650/3/2 1648/3/2 1651/3/2
f 1651/3/2 1648/3/2 1652/3/2
f 1652/3/2 1648/3/2 1653/3/2
f 1653/3/2 1648/3/2 1654/3/2
f 1654/3/2 1648/3/2 1655/3/2
f 1655/3/2 1648/3/2 1656/3/2
f 1656/3/2 1648/3/2 1657/3/2
f 1657/3/2 1648/3/2 1658/3/2
f 1658/3/2 1648/3/2 1659/3/2
f 1659/3/2 1648/3/2 1660/3/2
f 1660/3/2 1648/3/2 1661/3/2
f 1661/3/2 1648/3/2 1662/3/2
f 1662/3/2 1648/3/2 1663/3/2
f 1663/3/2 1648/3/2 1664/3/2
f 1664/3/2 1648/3/2 1665/3/2
f 1665/3/2 1648/3/2 1666/3/2
f 1666/3/2 1648/3/2 1667/3/2
f 1667/3/2 1648/3/2 1668/3/2
f 1668/3/2 1648/3/2 1669/3/2
f 1669/3/2 1648/3/2 1670/3/2
f 1670/3/2 1648/3/2 1671/3/2
f 1671/3/2 1648/3/2 1672/3/2
f 1672/3/2 1648/3/2 1673/3/2
f 1673/3/2 1648/3/2 1674/3/2
f 1674/3/2 1648/3/2 1675/3/2
f 1675/3/2 1648/3/2 1676/3/2
f 1650/3/2 1651/3/2 1678/3/2
f 1678/3/2 1651/3/2 1679/3/2
f 1652/3/2 1653/3/2 1680/3/2
f 1680/3/2 1653/3/2 1681/3/2
f 1654/3/2 1655/3/2 1682/3/2
f 1682/3/2 1655/3/2 1683/3/2
f 1656/3/2 1657/3/2 1684/3/2
f 1684/3/2 1657/3/2 1685/3/2
f 1658/3/2 1659/3/2 1686/3/2
f 1686/3/2 1659/3/2 1687/3/2
f 1660/3/2 1661/3/2 1688/3/2
f 1688/3/2 1661/3/2 1689/3/2
f 1662/3/2 1663/3/2 1690/3/2
f 1690/3/2 1663/3/2 1691/3/2
f 1664/3/2 1665/3/2 1692/3/2
f 1692/3/2 1665/3/2 1693/3/2
f 1666/3/2 1667/3/2 1694/3/2
f 1694/3/2 1667/3/2 1695/3/2
f 1668/3/2 1669/3/2 1696/3/2
f 1696/3/2 1669/3/2 1697/3/2
f 1670/3/2 1671/3/2 1698/3/2
f 1698/3/2 1671/3/2 1699/3/2
f 1672/3/2 1673/3/2 1700/3/2
f 1700/3/2 1673/3/2 1701/3/2
f 1674/3/2 1675/3/2 1702/3/2
f 1702/3/2 1675/3/2 1703/3/2
f 1688/3/2 1689/3/2 1705/3/2
f 1703/3/2 1704/3/2 1705/3/2
f 1702/3/2 1703/3/2 1705/3/2
f 1701/3/2 1702/3/2 1705/3/2
f 1700/3/2 1701/3/2 1705/3/2
f 1699/3/2 1700/3/2 1705/3/2
f 1678/3/2 1679/3/2 1705/3/2
f 1697/3/2 1698/3/2 1705/3/2
f 1698/3/2 1699/3/2 1705/3/2
f 1695/3/2 1696/3/2 1705/3/2
f 1680/3/2 1681/3/2 1705/3/2
f 1693/3/2 1694/3/2 1705/3/2
f 1696/3/2 1697/3/2 1705/3/2
f 1691/3/2 1692/3/2 1705/3/2
f 1682/3/2 1683/3/2 1705/3/2
f 1689/3/2 1690/3/2 1705/3/2
f 1694/3/2 1695/3/2 1705/3/2
f 1687/3/2 1688/3/2 1705/3/2
f 1684/3/2 1685/3/2 1705/3/2
f 1685/3/2 1686/3/2 1705/3/2
f 1692/3/2 1693/3/2 1705/3/2
f 1683/3/2 1684/3/2 1705/3/2
f 1686/3/2 1687/3/2 1705/3/2
f 1681/3/2 1682/3/2 1705/3/2
f 1690/3/2 1691/3/2 1705/3/2
f 1679/3/2 1680/3/2 1705/3/2
f 1677/3/2 1678/3/2 1705/3/2
f 1705/3/2 1704/3/2 1706/3/2
f 1706/3/2 1704/3/2 1707/3/2
f 1707/3/2 1704/3/2 1708/3/2
f 1708/3/2 1704/3/2 1709/3/2
f 1709/3/2 1704/3/2 1710/3/2
f 1710/3/2 1704/3/2 1711/3/2
f 1711/3/2 1704/3/2 1712/3/2
f 1712/3/2 1704/3/2 1713/3/2
f 1713/3/2 1704/3/2 1714/3/2
f 1714/3/2 1704/3/2 1715/3/2
f 1715/3/2 1704/3/2 1716/3/2
f 1716/3/2 1704/3/2 1717/3/2
f 1717/3/2 1704/3/2 1718/3/2
f 1718/3/2 1704/3/2 1719/3/2
f 1719/3/2 1704/3/2 1720/3/2
f 1720/3/2 1704/3/2 1721/3/2
f 1721/3/2 1704/3/2 1722/3/2
f 1722/3/2 1704/3/2 1723/3/2
f 1723/3/2 1704/3/2 1724/3/2
f 1724/3/2 1704/3/2 1725/3/2
f 1725/3/2 1704/3/2 1726/3/2
f 1726/3/2 1704/3/2 1727/3/2
f 1727/3/2 1704/3/2 1728/3/2
f 1728/3/2 1704/3/2 1729/3/2
f 1729/3/2 1704/3/2 1730/3/2
f 1730/3/2 1704/3/2 1731/3/2
f 1731/3/2 1704/3/2 1732/3/2
f 1708/3/2 1709/3/2 1733/3/2
f 1733/3/2 1709/3/2 1734/3/2
f 1712/3/2 1713/3/2 1735/3/2
f 1735/3/2 1713/3/2 1736/3/2
f 1716/3/2 1717/3/2 1737/3/2
f 1737/3/2 1717/3/2 1738/3/2
f 1720/3/2 1721/3/2 1739/3/2
f 1739/3/2 1721/3/2 1740/3/2
f 1724/3/2 1725/3/2 1741/3/2
f 1741/3/2 1725/3/2 1742/3/2
f 1728/3/2 1729/3/2 1743/3/2
f 1743/3/2 1729/3/2 1744/3/2
f 1706/3/2 1707/3/2 1745/3/2
f 1745/3/2 1707/3/2 1746/3/2
f 1710/3/2 1711/3/2 1747/3/2
f 1747/3/2 1711/3/2 1748/3/2
f 1714/3/2 1715/3/2 1749/3/2
f 1749/3/2 1715/3/2 1750/3/2
f 1718/3/2 1719/3/2 1751/3/2
f 1751/3/2 1719/3/2 1752/3/2
f 1722/3/2 1723/3/2 1753/3/2
f 1753/3/2 1723/3/2 1754/3/2
f 1726/3/2 1727/3/2 1755/3/2
f 1755/3/2 1727/3/2 1756/3/2
f 1730/3/2 1731/3/2 1757/3/2
f 1757/3/2 1731/3/2 1758/3/2
f 1765/3/3 1760/3/3 1759/3/3
f 1766/3/3 1762/3/3 1761/3/3
f 1767/3/3 1762/3/3 1766/3/3
f 1768/3/3 1764/3/3 1763/3/3
f 1769/3/3 1764/3/3 1768/3/3
f 1771/3/3 1767/3/3 1766/3/3
f 1771/3/3 1770/3/3 1769/3/3
f 1771/3/3 1769/3/3 1768/3/3
f 1771/3/3 1768/3/3 1767/3/3
f 1771/3/3 1765/3/3 1759/3/3
f 1771/3/3 1766/3/3 1765/3/3
f 1772/3/3 1770/3/3 1771/3/3
f 1773/3/3 1770/3/3 1772/3/3
f 1774/3/3 1770/3/3 1773/3/3
f 1775/3/3 1770/3/3 1774/3/3
f 1776/3/3 1770/3/3 1775/3/3
f 1777/3/3 1771/3/3 1759/3/3
f 1778/3/3 1773/3/3 1772/3/3
f 1779/3/3 1773/3/3 1778/3/3
f 1780/3/3 1775/3/3 1774/3/3
f 1781/3/3 1775/3/3 1780/3/3
f 1783/3/3 1779/3/3 1778/3/3
f 1783/3/3 1782/3/3 1781/3/3
f 1783/3/3 1781/3/3 1780/3/3
f 1783/3/3 1780/3/3 1779/3/3
f 1783/3/3 1777/3/3 1759/3/3
f 1783/3/3 1778/3/3 1777/3/3
f 1784/3/3 1782/3/3 1783/3/3
f 1785/3/3 1782/3/3 1784/3/3
f 1786/3/3 1782/3/3 1785/3/3
f 1787/3/3 1782/3/3 1786/3/3
f 1788/3/3 1782/3/3 1787/3/3
f 1789/3/3 1783/3/3 1759/3/3
f 1790/3/3 1785/3/3 1784/3/3
f 1791/3/3 1785/3/3 1790/3/3
f 1792/3/3 1787/3/3 1786/3/3
f 1793/3/3 1787/3/3 1792/3/3
f 1795/3/3 1793/3/3 1792/3/3
f 1795/3/3 1794/3/3 1793/3/3
f 1795/3/3 1792/3/3 1791/3/3
f 1795/3/3 1791/3/3 1790/3/3
f 1795/3/3 1790/3/3 1789/3/3
f 1795/3/3 1789/3/3 1759/3/3
f 1796/3/3 1794/3/3 1795/3/3
f 1797/3/3 1794/3/3 1796/3/3
f 1798/3/3 1794/3/3 1797/3/3
f 1799/3/3 1794/3/3 1798/3/3
f 1800/3/3 1794/3/3 1799/3/3
f 1801/3/3 1795/3/3 1759/3/3
f 1802/3/3 1797/3/3 1796/3/3
f 1803/3/3 1797/3/3 1802/3/3
f 1804/3/3 1799/3/3 1798/3/3
f 1805/3/3 1799/3/3 1804/3/3
f 1807/3/3 1803/3/3 1802/3/3
f 1807/3/3 1806/3/3 1805/3/3
f 1807/3/3 1805/3/3 1804/3/3
f 1807/3/3 1804/3/3 1803/3/3
f 1807/3/3 1801/3/3 1759/3/3
f 1807/3/3 1802/3/3 1801/3/3
f 1808/3/3 1806/3/3 1807/3/3
f 1809/3/3 1806/3/3 1808/3/3
f 1810/3/3 1806/3/3 1809/3/3
f 1811/3/3 1806/3/3 1810/3/3
f 1812/3/3 1806/3/3 1811/3/3
f 1813/3/3 1807/3/3 1759/3/3
f 1814/3/3 1809/3/3 1808/3/3
f 1815/3/3 1809/3/3 1814/3/3
f 1816/3/3 1811/3/3 1810/3/3
f 1817/3/3 1811/3/3 1816/3/3
f 1819/3/3 1817/3/3 1816/3/3
f 1819/3/3 1818/3/3 1817/3/3
f 1819/3/3 1816/3/3 1815/3/3
f 1819/3/3 1815/3/3 1814/3/3
f 1819/3/3 1814/3/3 1813/3/3
f 1819/3/3 1813/3/3 1759/3/3
f 1820/3/3 1818/3/3 1819/3/3
f 1821/3/3 1818/3/3 1820/3/3
f 1822/3/3 1818/3/3 1821/3/3
f 1823/3/3 1818/3/3 1822/3/3
f 1824/3/3 1818/3/3 1823/3/3
f 1825/3/3 1819/3/3 1759/3/3
f 1826/3/3 1821/3/3 1820/3/3
f 1827/3/3 1821/3/3 1826/3/3
f 1828/3/3 1823/3/3 1822/3/3
f 1829/3/3 1823/3/3 1828/3/3
f 1831/3/3 1827/3/3 1826/3/3
f 1831/3/3 1830/3/3 1829/3/3
f 1831/3/3 1829/3/3 1828/3/3
f 1831/3/3 1828/3/3 1827/3/3
f 1831/3/3 1825/3/3 1759/3/3
f 1831/3/3 1826/3/3 1825/3/3
f 1832/3/3 1830/3/3 1831/3/3
f 1833/3/3 1830/3/3 1832/3/3
f 1834/3/3 1830/3/3 1833/3/3
f 1835/3/3 1830/3/3 1834/3/3
f 1836/3/3 1830/3/3 1835/3/3
f 1837/3/3 1831/3/3 1759/3/3
f 1838/3/3 1831/3/3 1837/3/3
f 1839/3/3 1833/3/3 1832/3/3
f 1840/3/3 1833/3/3 1839/3/3
f 1841/3/3 1835/3/3 1834/3/3
f 1842/3/3 1835/3/3 1841/3/3
f 1849/3/3 1844/3/3 1843/3/3
f 1850/3/3 1844/3/3 1849/3/3
f 1851/3/3 1846/3/3 1845/3/3
f 1852/3/3 1846/3/3 1851/3/3
f 1853/3/3 1846/3/3 1852/3/3
f 1854/3/3 1848/3/3 1847/3/3
f 1855/3/3 1848/3/3 1854/3/3
f 1856/4/3 1850/4/3 1849/4/3
f 1857/4/3 1850/4/3 1856/4/3
f 1858/4/3 1852/4/3 1851/4/3
f 1859/4/3 1852/4/3 1858/4/3
f 1864/4/3 1861/4/3 1860/4/3
f 1865/4/3 1861/4/3 1864/4/3
f 1866/4/3 1863/4/3 1862/4/3
f 1867/4/3 1863/4/3 1866/4/3
f 1872/4/3 1869/4/3 1868/4/3
f 1873/4/3 1869/4/3 1872/4/3
f 1874/4/3 1871/4/3 1870/4/3
f 1875/4/3 1871/4/3 1874/4/3
f 1880/4/3 1877/4/3 1876/4/3
f 1881/4/3 1877/4/3 1880/4/3
f 1882/4/3 1879/4/3 1878/4/3
f 1883/4/3 1879/4/3 1882/4/3
f 1888/4/3 1885/4/3 1884/4/3
f 1889/4/3 1885/4/3 1888/4/3
f 1890/4/3 1887/4/3 1886/4/3
f 1891/4/3 1887/4/3 1890/4/3
f 1896/4/3 1893/4/3 1892/4/3
f 1897/4/3 1893/4/3 1896/4/3
f 1898/4/3 1895/4/3 1894/4/3
f 1899/4/3 1895/4/3 1898/4/3
f 1907/3/3 1901/3/3 1900/3/3
f 1908/3/3 1901/3/3 1907/3/3
f 1909/3/3 1903/3/3 1902/3/3
f 1909/3/3 1904/3/3 1903/3/3
f 1910/3/3 1904/3/3 1909/3/3
f 1911/3/3 1906/3/3 1905/3/3
f 1912/3/3 1906/3/3 1911/3/3
f 1917/5/3 1914/5/3 1913/5/3
f 1918/5/3 1914/5/3 1917/5/3
f 1919/6/3 1916/6/3 1915/6/3
f 1920/6/3 1916/6/3 1919/6/3
f 1927/3/3 1922/3/3 1921/3/3
f 1928/3/3 1922/3/3 1927/3/3
f 1929/3/3 1924/3/3 1923/3/3
f 1930/3/3 1924/3/3 1929/3/3
f 1931/3/3 1924/3/3 1930/3/3
f 1932/3/3 1926/3/3 1925/3/3
f 1933/3/3 1926/3/3 1932/3/3
f 1939/6/3 1935/6/3 1934/6/3
f 1940/6/3 1935/6/3 1939/6/3
f 1941/5/3 1937/5/3 1936/5/3
f 1942/5/3 1937/5/3 1941/5/3
f 1943/5/3 1939/5/3 1938/5/3
f 1944/5/3 1939/5/3 1943/5/3
f 1946/6/3 1945/6/3 1944/6/3
f 1947/6/3 1945/6/3 1946/6/3
f 1950/1/3 1949/1/3 1948/1/3
f 1951/1/3 1949/1/3 1950/1/3
f 1954/2/3 1953/2/3 1952/2/3
f 1955/2/3 1953/2/3 1954/2/3
f 1961/5/3 1957/5/3 1956/5/3
f 1962/5/3 1957/5/3 1961/5/3
f 1963/1/3 1959/1/3 1958/1/3
f 1964/1/3 1959/1/3 1963/1/3
f 1965/5/3 1962/5/3 1961/5/3
f 1965/5/3 1961/5/3 1960/5/3
f 1965/5/3 1963/5/3 1962/5/3
f 1966/5/3 1963/5/3 1965/5/3
f 1967/5/3 1963/5/3 1966/5/3
f 1968/5/3 1963/5/3 1967/5/3
f 1970/5/3 1967/5/3 1966/5/3
f 1971/5/3 1967/5/3 1970/5/3
f 1972/1/3 1969/1/3 1968/1/3
f 1973/1/3 1969/1/3 1972/1/3
f 1981/3/3 1975/3/3 1974/3/3
f 1982/3/3 1975/3/3 1981/3/3
f 1983/3/3 1977/3/3 1976/3/3
f 1983/3/3 1978/3/3 1977/3/3
f 1984/3/3 1978/3/3 1983/3/3
f 1985/3/3 1980/3/3 1979/3/3
f 1986/3/3 1980/3/3 1985/3/3
f 1990/2/3 1988/2/3 1987/2/3
f 1991/2/3 1988/2/3 1990/2/3
f 1992/5/3 1990/5/3 1989/5/3
f 1993/5/3 1990/5/3 1992/5/3
f 1994/5/3 1990/5/3 1993/5/3
f 1995/5/3 1990/5/3 1994/5/3
f 1997/5/3 1994/5/3 1993/5/3
f 1998/5/3 1994/5/3 1997/5/3
f 1999/2/3 1996/2/3 1995/2/3
f 2000/2/3 1996/2/3 1999/2/3
f 2007/3/3 2002/3/3 2001/3/3
f 2008/3/3 2002/3/3 2007/3/3
f 2009/3/3 2004/3/3 2003/3/3
f 2010/3/3 2004/3/3 2009/3/3
f 2011/3/3 2004/3/3 2010/3/3
f 2012/3/3 2006/3/3 2005/3/3
f 2013/3/3 2006/3/3 2012/3/3
f 2021/3/3 2015/3/3 2014/3/3
f 2022/3/3 2015/3/3 2021/3/3
f 2023/3/3 2017/3/3 2016/3/3
f 2023/3/3 2018/3/3 2017/3/3
f 2024/3/3 2018/3/3 2023/3/3
f 2025/3/3 2020/3/3 2019/3/3
f 2026/3/3 2020/3/3 2025/3/3
f 2029/1/3 2028/1/3 2027/1/3
f 2030/1/3 2028/1/3 2029/1/3
f 2037/3/3 2032/3/3 2031/3/3
f 2038/3/3 2032/3/3 2037/3/3
f 2039/3/3 2034/3/3 2033/3/3
f 2040/3/3 2034/3/3 2039/3/3
f 2041/3/3 2034/3/3 2040/3/3
f 2042/3/3 2036/3/3 2035/3/3
f 2043/3/3 2036/3/3 2042/3/3
f 2047/1/3 2045/1/3 2044/1/3
f 2048/1/3 2045/1/3 2047/1/3
f 2049/5/3 2047/5/3 2046/5/3
f 2050/5/3 2047/5/3 2049/5/3
f 2052/1/3 2051/1/3 2050/1/3
f 2053/1/3 2051/1/3 2052/1/3
f 2061/3/3 2055/3/3 2054/3/3
f 2062/3/3 2055/3/3 2061/3/3
f 2063/3/3 2057/3/3 2056/3/3
f 2063/3/3 2058/3/3 2057/3/3
f 2064/3/3 2058/3/3 2063/3/3
f 2065/3/3 2060/3/3 2059/3/3
f 2066/3/3 2060/3/3 2065/3/3
f 2069/2/3 2068/2/3 2067/2/3
f 2070/2/3 2068/2/3 2069/2/3
f 2077/3/3 2072/3/3 2071/3/3
f 2078/3/3 2072/3/3 2077/3/3
f 2079/3/3 2074/3/3 2073/3/3
f 2080/3/3 2074/3/3 2079/3/3
f 2081/3/3 2074/3/3 2080/3/3
f 2082/3/3 2076/3/3 2075/3/3
f 2083/3/3 2076/3/3 2082/3/3
f 2087/2/3 2085/2/3 2084/2/3
f 2088/2/3 2085/2/3 2087/2/3
f 2089/5/3 2087/5/3 2086/5/3
f 2090/5/3 2087/5/3 2089/5/3
f 2092/2/3 2091/2/3 2090/2/3
f 2093/2/3 2091/2/3 2092/2/3
f 2101/3/3 2095/3/3 2094/3/3
f 2102/3/3 2095/3/3 2101/3/3
f 2103/3/3 2097/3/3 2096/3/3
f 2103/3/3 2098/3/3 2097/3/3
f 2104/3/3 2098/3/3 2103/3/3
f 2105/3/3 2100/3/3 2099/3/3
f 2106/3/3 2100/3/3 2105/3/3
f 2109/6/3 2108/6/3 2107/6/3
f 2110/6/3 2108/6/3 2109/6/3
f 2117/3/3 2112/3/3 2111/3/3
f 2118/3/3 2112/3/3 2117/3/3
f 2119/3/3 2114/3/3 2113/3/3
f 2120/3/3 2114/3/3 2119/3/3
f 2121/3/3 2114/3/3 2120/3/3
f 2122/3/3 2116/3/3 2115/3/3
f 2123/3/3 2116/3/3 2122/3/3
f 2129/5/3 2125/5/3 2124/5/3
f 2130/5/3 2125/5/3 2129/5/3
f 2131/6/3 2127/6/3 2126/6/3
f 2132/6/3 2127/6/3 2131/6/3
f 2133/5/3 2130/5/3 2129/5/3
f 2133/5/3 2129/5/3 2128/5/3
f 2133/5/3 2131/5/3 2130/5/3
f 2134/5/3 2131/5/3 2133/5/3
f 2136/6/3 2135/6/3 2134/6/3
f 2137/6/3 2135/6/3 2136/6/3
f 2142/5/3 2139/5/3 2138/5/3
f 2143/5/3 2139/5/3 2142/5/3
f 2144/2/3 2141/2/3 2140/2/3
f 2145/2/3 2141/2/3 2144/2/3
f 2152/5/3 2147/5/3 2146/5/3
f 2153/5/3 2147/5/3 2152/5/3
f 2154/5/3 2149/5/3 2148/5/3
f 2155/5/3 2149/5/3 2154/5/3
f 2156/2/3 2151/2/3 2150/2/3
f 2157/2/3 2151/2/3 2156/2/3
f 2165/3/3 2159/3/3 2158/3/3
f 2166/3/3 2159/3/3 2165/3/3
f 2167/3/3 2161/3/3 2160/3/3
f 2167/3/3 2162/3/3 2161/3/3
f 2168/3/3 2162/3/3 2167/3/3
f 2169/3/3 2164/3/3 2163/3/3
f 2170/3/3 2164/3/3 2169/3/3
f 2176/2/3 2172/2/3 2171/2/3
f 2177/2/3 2172/2/3 2176/2/3
f 2178/5/3 2174/5/3 2173/5/3
f 2179/5/3 2174/5/3 2178/5/3
f 2180/5/3 2176/5/3 2175/5/3
f 2181/5/3 2176/5/3 2180/5/3
f 2183/2/3 2182/2/3 2181/2/3
f 2184/2/3 2182/2/3 2183/2/3
f 2192/2/3 2186/2/3 2185/2/3
f 2193/2/3 2186/2/3 2192/2/3
f 2194/5/3 2188/5/3 2187/5/3
f 2195/5/3 2188/5/3 2194/5/3
f 2196/5/3 2190/5/3 2189/5/3
f 2197/5/3 2190/5/3 2196/5/3
f 2198/5/3 2192/5/3 2191/5/3
f 2199/5/3 2192/5/3 2198/5/3
f 2201/2/3 2200/2/3 2199/2/3
f 2202/2/3 2200/2/3 2201/2/3
f 2209/3/3 2204/3/3 2203/3/3
f 2210/3/3 2204/3/3 2209/3/3
f 2211/3/3 2206/3/3 2205/3/3
f 2212/3/3 2206/3/3 2211/3/3
f 2213/3/3 2206/3/3 2212/3/3
f 2214/3/3 2208/3/3 2207/3/3
f 2215/3/3 2208/3/3 2214/3/3
f 2218/1/3 2217/1/3 2216/1/3
f 2219/1/3 2217/1/3 2218/1/3
f 2223/1/3 2221/1/3 2220/1/3
f 2224/1/3 2221/1/3 2223/1/3
f 2225/5/3 2223/5/3 2222/5/3
f 2226/5/3 2223/5/3 2225/5/3
f 2227/5/3 2223/5/3 2226/5/3
f 2228/5/3 2223/5/3 2227/5/3
f 2230/5/3 2227/5/3 2226/5/3
f 2231/5/3 2227/5/3 2230/5/3
f 2232/1/3 2229/1/3 2228/1/3
f 2233/1/3 2229/1/3 2232/1/3
f 2241/3/3 2235/3/3 2234/3/3
f 2242/3/3 2235/3/3 2241/3/3
f 2243/3/3 2237/3/3 2236/3/3
f 2243/3/3 2238/3/3 2237/3/3
f 2244/3/3 2238/3/3 2243/3/3
f 2245/3/3 2240/3/3 2239/3/3
f 2246/3/3 2240/3/3 2245/3/3
f 2253/3/3 2248/3/3 2247/3/3
f 2254/3/3 2248/3/3 2253/3/3
f 2255/3/3 2250/3/3 2249/3/3
f 2256/3/3 2250/3/3 2255/3/3
f 2257/3/3 2250/3/3 2256/3/3
f 2258/3/3 2252/3/3 2251/3/3
f 2259/3/3 2252/3/3 2258/3/3
f 2262/6/3 2261/6/3 2260/6/3
f 2263/6/3 2261/6/3 2262/6/3
f 2267/6/3 2265/6/3 2264/6/3
f 2268/6/3 2265/6/3 2267/6/3
f 2269/5/3 2267/5/3 2266/5/3
f 2270/5/3 2267/5/3 2269/5/3
f 2272/6/3 2271/6/3 2270/6/3
f 2273/6/3 2271/6/3 2272/6/3
f 2281/3/3 2275/3/3 2274/3/3
f 2282/3/3 2275/3/3 2281/3/3
f 2283/3/3 2277/3/3 2276/3/3
f 2283/3/3 2278/3/3 2277/3/3
f 2284/3/3 2278/3/3 2283/3/3
f 2285/3/3 2280/3/3 2279/3/3
f 2286/3/3 2280/3/3 2285/3/3
f 2291/5/3 2288/5/3 2287/5/3
f 2292/5/3 2288/5/3 2291/5/3
f 2293/2/3 2290/2/3 2289/2/3
f 2294/2/3 2290/2/3 2293/2/3
f 2301/3/3 2296/3/3 2295/3/3
f 2302/3/3 2296/3/3 2301/3/3
f 2303/3/3 2298/3/3 2297/3/3
f 2304/3/3 2298/3/3 2303/3/3
f 2305/3/3 2298/3/3 2304/3/3
f 2306/3/3 2300/3/3 2299/3/3
f 2307/3/3 2300/3/3 2306/3/3
f 2313/2/3 2309/2/3 2308/2/3
f 2314/2/3 2309/2/3 2313/2/3
f 2315/5/3 2311/5/3 2310/5/3
f 2316/5/3 2311/5/3 2315/5/3
f 2317/5/3 2313/5/3 2312/5/3
f 2318/5/3 2313/5/3 2317/5/3
f 2320/2/3 2319/2/3 2318/2/3
f 2321/2/3 2319/2/3 2320/2/3
f 2329/3/3 2323/3/3 2322/3/3
f 2330/3/3 2323/3/3 2329/3/3
f 2331/3/3 2325/3/3 2324/3/3
f 2331/3/3 2326/3/3 2325/3/3
f 2332/3/3 2326/3/3 2331/3/3
f 2333/3/3 2328/3/3 2327/3/3
f 2334/3/3 2328/3/3 2333/3/3
f 2339/5/3 2336/5/3 2335/5/3
f 2340/5/3 2336/5/3 2339/5/3
f 2341/2/3 2338/2/3 2337/2/3
f 2342/2/3 2338/2/3 2341/2/3
f 2349/3/3 2344/3/3 2343/3/3
f 2350/3/3 2344/3/3 2349/3/3
f 2351/3/3 2346/3/3 2345/3/3
f 2352/3/3 2346/3/3 2351/3/3
f 2353/3/3 2346/3/3 2352/3/3
f 2354/3/3 2348/3/3 2347/3/3
f 2355/3/3 2348/3/3 2354/3/3
f 2358/1/3 2357/1/3 2356/1/3
f 2359/1/3 2357/1/3 2358/1/3
f 2365/2/3 2361/2/3 2360/2/3
f 2366/2/3 2361/2/3 2365/2/3
f 2367/5/3 2363/5/3 2362/5/3
f 2368/5/3 2363/5/3 2367/5/3
f 2369/5/3 2365/5/3 2364/5/3
f 2370/5/3 2365/5/3 2369/5/3
f 2372/2/3 2371/2/3 2370/2/3
f 2373/2/3 2371/2/3 2372/2/3
f 2379/5/3 2375/5/3 2374/5/3
f 2380/5/3 2375/5/3 2379/5/3
f 2381/1/3 2377/1/3 2376/1/3
f 2382/1/3 2377/1/3 2381/1/3
f 2383/5/3 2380/5/3 2379/5/3
f 2383/5/3 2379/5/3 2378/5/3
f 2383/5/3 2381/5/3 2380/5/3
f 2384/5/3 2381/5/3 2383/5/3
f 2385/5/3 2381/5/3 2384/5/3
f 2386/5/3 2381/5/3 2385/5/3
f 2388/5/3 2385/5/3 2384/5/3
f 2389/5/3 2385/5/3 2388/5/3
f 2390/1/3 2387/1/3 2386/1/3
f 2391/1/3 2387/1/3 2390/1/3
f 2399/3/3 2393/3/3 2392/3/3
f 2400/3/3 2393/3/3 2399/3/3
f 2401/3/3 2395/3/3 2394/3/3
f 2401/3/3 2396/3/3 2395/3/3
f 2402/3/3 2396/3/3 2401/3/3
f 2403/3/3 2398/3/3 2397/3/3
f 2404/3/3 2398/3/3 2403/3/3
f 2411/3/3 2406/3/3 2405/3/3
f 2412/3/3 2406/3/3 2411/3/3
f 2413/3/3 2408/3/3 2407/3/3
f 2414/3/3 2408/3/3 2413/3/3
f 2415/3/3 2408/3/3 2414/3/3
f 2416/3/3 2410/3/3 2409/3/3
f 2417/3/3 2410/3/3 2416/3/3
f 2420/2/3 2419/2/3 2418/2/3
f 2421/2/3 2419/2/3 2420/2/3
f 2425/2/3 2423/2/3 2422/2/3
f 2426/2/3 2423/2/3 2425/2/3
f 2427/5/3 2425/5/3 2424/5/3
f 2428/5/3 2425/5/3 2427/5/3
f 2430/2/3 2429/2/3 2428/2/3
f 2431/2/3 2429/2/3 2430/2/3
f 2439/3/3 2433/3/3 2432/3/3
f 2440/3/3 2433/3/3 2439/3/3
f 2441/3/3 2435/3/3 2434/3/3
f 2441/3/3 2436/3/3 2435/3/3
f 2442/3/3 2436/3/3 2441/3/3
f 2443/3/3 2438/3/3 2437/3/3
f 2444/3/3 2438/3/3 2443/3/3
f 2447/6/3 2446/6/3 2445/6/3
f 2448/6/3 2446/6/3 2447/6/3
f 2455/3/3 2450/3/3 2449/3/3
f 2456/3/3 2450/3/3 2455/3/3
f 2457/3/3 2452/3/3 2451/3/3
f 2458/3/3 2452/3/3 2457/3/3
f 2459/3/3 2452/3/3 2458/3/3
f 2460/3/3 2454/3/3 2453/3/3
f 2461/3/3 2454/3/3 2460/3/3
f 2467/5/3 2463/5/3 2462/5/3
f 2468/5/3 2463/5/3 2467/5/3
f 2469/6/3 2465/6/3 2464/6/3
f 2470/6/3 2465/6/3 2469/6/3
f 2471/5/3 2468/5/3 2467/5/3
f 2471/5/3 2467/5/3 2466/5/3
f 2471/5/3 2469/5/3 2468/5/3
f 2472/5/3 2469/5/3 2471/5/3
f 2474/6/3 2473/6/3 2472/6/3
f 2475/6/3 2473/6/3 2474/6/3
f 2478/2/3 2477/2/3 2476/2/3
f 2479/2/3 2477/2/3 2478/2/3
f 2484/5/3 2481/5/3 2480/5/3
f 2485/5/3 2481/5/3 2484/5/3
f 2486/1/3 2483/1/3 2482/1/3
f 2487/1/3 2483/1/3 2486/1/3
f 2493/5/3 2489/5/3 2488/5/3
f 2494/5/3 2489/5/3 2493/5/3
f 2495/2/3 2491/2/3 2490/2/3
f 2496/2/3 2491/2/3 2495/2/3
f 2497/5/3 2494/5/3 2493/5/3
f 2497/5/3 2493/5/3 2492/5/3
f 2497/5/3 2495/5/3 2494/5/3
f 2498/5/3 2495/5/3 2497/5/3
f 2500/2/3 2499/2/3 2498/2/3
f 2501/2/3 2499/2/3 2500/2/3
f 2509/3/3 2503/3/3 2502/3/3
f 2510/3/3 2503/3/3 2509/3/3
f 2511/3/3 2505/3/3 2504/3/3
f 2511/3/3 2506/3/3 2505/3/3
f 2512/3/3 2506/3/3 2511/3/3
f 2513/3/3 2508/3/3 2507/3/3
f 2514/3/3 2508/3/3 2513/3/3
f 2520/5/3 2516/5/3 2515/5/3
f 2521/5/3 2516/5/3 2520/5/3
f 2524/1/3 2518/1/3 2517/1/3
f 2525/1/3 2518/1/3 2524/1/3
f 2526/5/3 2522/5/3 2521/5/3
f 2526/5/3 2520/5/3 2519/5/3
f 2526/5/3 2521/5/3 2520/5/3
f 2527/5/3 2522/5/3 2526/5/3
f 2528/5/3 2524/5/3 2523/5/3
f 2529/5/3 2524/5/3 2528/5/3
f 2531/1/3 2530/1/3 2529/1/3
f 2532/1/3 2530/1/3 2531/1/3
f 2539/3/3 2534/3/3 2533/3/3
f 2540/3/3 2534/3/3 2539/3/3
f 2541/3/3 2536/3/3 2535/3/3
f 2542/3/3 2536/3/3 2541/3/3
f 2543/3/3 2536/3/3 2542/3/3
f 2544/3/3 2538/3/3 2537/3/3
f 2545/3/3 2538/3/3 2544/3/3
f 2553/3/3 2547/3/3 2546/3/3
f 2554/3/3 2547/3/3 2553/3/3
f 2555/3/3 2550/3/3 2549/3/3
f 2555/3/3 2549/3/3 2548/3/3
f 2556/3/3 2550/3/3 2555/3/3
f 2557/3/3 2552/3/3 2551/3/3
f 2558/3/3 2552/3/3 2557/3/3
f 2562/3/3 2560/3/3 2559/3/3
f 2563/3/3 2560/3/3 2562/3/3
f 2565/3/3 2562/3/3 2561/3/3
f 2565/3/3 2564/3/3 2563/3/3
f 2565/3/3 2563/3/3 2562/3/3
f 2566/3/3 2564/3/3 2565/3/3
f 2567/3/3 2564/3/3 2566/3/3
f 2568/3/3 2564/3/3 2567/3/3
f 2570/3/3 2567/3/3 2566/3/3
f 2571/3/3 2567/3/3 2570/3/3
f 2573/3/3 2570/3/3 2569/3/3
f 2573/3/3 2572/3/3 2571/3/3
f 2573/3/3 2571/3/3 2570/3/3
f 2574/3/3 2572/3/3 2573/3/3
f 2575/3/3 2572/3/3 2574/3/3
f 2576/3/3 2572/3/3 2575/3/3
f 2578/3/3 2575/3/3 2574/3/3
f 2579/3/3 2575/3/3 2578/3/3
f 2581/3/3 2579/3/3 2578/3/3
f 2581/3/3 2580/3/3 2579/3/3
f 2581/3/3 2578/3/3 2577/3/3
f 2582/3/3 2580/3/3 2581/3/3
f 2583/3/3 2580/3/3 2582/3/3
f 2584/3/3 2580/3/3 2583/3/3
f 2586/3/3 2583/3/3 2582/3/3
f 2587/3/3 2583/3/3 2586/3/3
f 2589/3/3 2586/3/3 2585/3/3
f 2589/3/3 2588/3/3 2587/3/3
f 2589/3/3 2587/3/3 2586/3/3
f 2590/3/3 2588/3/3 2589/3/3
f 2591/3/3 2588/3/3 2590/3/3
f 2592/3/3 2588/3/3 2591/3/3
f 2594/3/3 2591/3/3 2590/3/3
f 2595/3/3 2591/3/3 2594/3/3
f 2597/3/3 2595/3/3 2594/3/3
f 2597/3/3 2596/3/3 2595/3/3
f 2597/3/3 2594/3/3 2593/3/3
f 2598/3/3 2596/3/3 2597/3/3
f 2599/3/3 2596/3/3 2598/3/3
f 2600/3/3 2596/3/3 2599/3/3
f 2602/3/3 2599/3/3 2598/3/3
f 2603/3/3 2599/3/3 2602/3/3
f 2605/3/3 2602/3/3 2601/3/3
f 2605/3/3 2604/3/3 2603/3/3
f 2605/3/3 2603/3/3 2602/3/3
f 2606/3/3 2604/3/3 2605/3/3
f 2607/3/3 2604/3/3 2606/3/3
f 2608/3/3 2604/3/3 2607/3/3
f 2609/3/3 2607/3/3 2606/3/3
f 2610/3/3 2607/3/3 2609/3/3
f 2611/3/4 2612/3/4 2614/3/4
f 2614/3/4 2612/3/4 2615/3/4
f 2613/3/4 2614/3/4 2617/3/4
f 2615/3/4 2616/3/4 2617/3/4
f 2614/3/4 2615/3/4 2617/3/4
f 2617/3/4 2616/3/4 2618/3/4
f 2618/3/4 2616/3/4 2619/3/4
f 2619/3/4 2616/3/4 2620/3/4
f 2618/3/4 2619/3/4 2622/3/4
f 2622/3/4 2619/3/4 2623/3/4
f 2621/3/4 2622/3/4 2625/3/4
f 2623/3/4 2624/3/4 2625/3/4
f 2622/3/4 2623/3/4 2625/3/4
f 2625/3/4 2624/3/4 2626/3/4
f 2626/3/4 2624/3/4 2627/3/4
f 2627/3/4 2624/3/4 2628/3/4
f 2626/3/4 2627/3/4 2630/3/4
f 2630/3/4 2627/3/4 2631/3/4
f 2630/3/4 2631/3/4 2633/3/4
f 2631/3/4 2632/3/4 2633/3/4
f 2629/3/4 2630/3/4 2633/3/4
f 2633/3/4 2632/3/4 2634/3/4
f 2634/3/4 2632/3/4 2635/3/4
f 2635/3/4 2632/3/4 2636/3/4
f 2634/3/4 2635/3/4 2638/3/4
f 2638/3/4 2635/3/4 2639/3/4
f 2637/3/4 2638/3/4 2641/3/4
f 2639/3/4 2640/3/4 2641/3/4
f 2638/3/4 2639/3/4 2641/3/4
f 2641/3/4 2640/3/4 2642/3/4
f 2642/3/4 2640/3/4 2643/3/4
f 2643/3/4 2640/3/4 2644/3/4
f 2642/3/4 2643/3/4 2646/3/4
f 2646/3/4 2643/3/4 2647/3/4
f 2646/3/4 2647/3/4 2649/3/4
f 2647/3/4 2648/3/4 2649/3/4
f 2645/3/4 2646/3/4 2649/3/4
f 2649/3/4 2648/3/4 2650/3/4
f 2650/3/4 2648/3/4 2651/3/4
f 2651/3/4 2648/3/4 2652/3/4
f 2650/3/4 2651/3/4 2654/3/4
f 2654/3/4 2651/3/4 2655/3/4
f 2653/3/4 2654/3/4 2657/3/4
f 2655/3/4 2656/3/4 2657/3/4
f 2654/3/4 2655/3/4 2657/3/4
f 2657/3/4 2656/3/4 2658/3/4
f 2658/3/4 2656/3/4 2659/3/4
f 2659/3/4 2656/3/4 2660/3/4
f 2661/3/4 2662/3/4 2667/3/4
f 2667/3/4 2662/3/4 2668/3/4
f 2663/3/4 2664/3/4 2669/3/4
f 2669/3/4 2664/3/4 2670/3/4
f 2670/3/4 2664/3/4 2671/3/4
f 2665/3/4 2666/3/4 2672/3/4
f 2672/3/4 2666/3/4 2673/3/4
f 2674/3/4 2675/3/4 2681/3/4
f 2681/3/4 2675/3/4 2682/3/4
f 2676/3/4 2677/3/4 2683/3/4
f 2677/3/4 2678/3/4 2683/3/4
f 2683/3/4 2678/3/4 2684/3/4
f 2679/3/4 2680/3/4 2685/3/4
f 2685/3/4 2680/3/4 2686/3/4
f 2687/3/4 2688/3/4 2693/3/4
f 2693/3/4 2688/3/4 2694/3/4
f 2689/3/4 2690/3/4 2695/3/4
f 2695/3/4 2690/3/4 2696/3/4
f 2696/3/4 2690/3/4 2697/3/4
f 2691/3/4 2692/3/4 2698/3/4
f 2698/3/4 2692/3/4 2699/3/4
f 2700/6/4 2701/6/4 2707/6/4
f 2707/6/4 2701/6/4 2708/6/4
f 2702/5/4 2703/5/4 2709/5/4
f 2709/5/4 2703/5/4 2710/5/4
f 2704/5/4 2705/5/4 2711/5/4
f 2711/5/4 2705/5/4 2712/5/4
f 2706/5/4 2707/5/4 2713/5/4
f 2713/5/4 2707/5/4 2714/5/4
f 2714/6/4 2715/6/4 2716/6/4
f 2716/6/4 2715/6/4 2717/6/4
f 2718/5/4 2719/5/4 2724/5/4
f 2724/5/4 2719/5/4 2725/5/4
f 2720/5/4 2721/5/4 2726/5/4
f 2726/5/4 2721/5/4 2727/5/4
f 2722/6/4 2723/6/4 2728/6/4
f 2728/6/4 2723/6/4 2729/6/4
f 2730/5/4 2731/5/4 2735/5/4
f 2735/5/4 2731/5/4 2736/5/4
f 2732/1/4 2733/1/4 2737/1/4
f 2737/1/4 2733/1/4 2738/1/4
f 2735/5/4 2736/5/4 2739/5/4
f 2734/5/4 2735/5/4 2739/5/4
f 2736/5/4 2737/5/4 2739/5/4
f 2739/5/4 2737/5/4 2740/5/4
f 2740/5/4 2737/5/4 2741/5/4
f 2741/5/4 2737/5/4 2742/5/4
f 2740/5/4 2741/5/4 2744/5/4
f 2744/5/4 2741/5/4 2745/5/4
f 2742/1/4 2743/1/4 2746/1/4
f 2746/1/4 2743/1/4 2747/1/4
f 2748/3/4 2749/3/4 2755/3/4
f 2755/3/4 2749/3/4 2756/3/4
f 2750/3/4 2751/3/4 2757/3/4
f 2751/3/4 2752/3/4 2757/3/4
f 2757/3/4 2752/3/4 2758/3/4
f 2753/3/4 2754/3/4 2759/3/4
f 2759/3/4 2754/3/4 2760/3/4
f 2761/2/4 2762/2/4 2764/2/4
f 2764/2/4 2762/2/4 2765/2/4
f 2763/5/4 2764/5/4 2766/5/4
f 2766/5/4 2764/5/4 2767/5/4
f 2767/5/4 2764/5/4 2768/5/4
f 2768/5/4 2764/5/4 2769/5/4
f 2767/5/4 2768/5/4 2771/5/4
f 2771/5/4 2768/5/4 2772/5/4
f 2769/2/4 2770/2/4 2773/2/4
f 2773/2/4 2770/2/4 2774/2/4
f 2775/1/4 2776/1/4 2777/1/4
f 2777/1/4 2776/1/4 2778/1/4
f 2779/3/4 2780/3/4 2785/3/4
f 2785/3/4 2780/3/4 2786/3/4
f 2781/3/4 2782/3/4 2787/3/4
f 2787/3/4 2782/3/4 2788/3/4
f 2788/3/4 2782/3/4 2789/3/4
f 2783/3/4 2784/3/4 2790/3/4
f 2790/3/4 2784/3/4 2791/3/4
f 2792/2/4 2793/2/4 2794/2/4
f 2794/2/4 2793/2/4 2795/2/4
f 2796/3/4 2797/3/4 2803/3/4
f 2803/3/4 2797/3/4 2804/3/4
f 2798/3/4 2799/3/4 2805/3/4
f 2799/3/4 2800/3/4 2805/3/4
f 2805/3/4 2800/3/4 2806/3/4
f 2801/3/4 2802/3/4 2807/3/4
f 2807/3/4 2802/3/4 2808/3/4
f 2809/3/4 2810/3/4 2815/3/4
f 2815/3/4 2810/3/4 2816/3/4
f 2811/3/4 2812/3/4 2817/3/4
f 2817/3/4 2812/3/4 2818/3/4
f 2818/3/4 2812/3/4 2819/3/4
f 2813/3/4 2814/3/4 2820/3/4
f 2820/3/4 2814/3/4 2821/3/4
f 2822/1/4 2823/1/4 2827/1/4
f 2827/1/4 2823/1/4 2828/1/4
f 2824/5/4 2825/5/4 2829/5/4
f 2829/5/4 2825/5/4 2830/5/4
f 2826/5/4 2827/5/4 2831/5/4
f 2831/5/4 2827/5/4 2832/5/4
f 2832/1/4 2833/1/4 2834/1/4
f 2834/1/4 2833/1/4 2835/1/4
f 2836/5/4 2837/5/4 2840/5/4
f 2840/5/4 2837/5/4 2841/5/4
f 2838/1/4 2839/1/4 2842/1/4
f 2842/1/4 2839/1/4 2843/1/4
f 2844/3/4 2845/3/4 2851/3/4
f 2851/3/4 2845/3/4 2852/3/4
f 2846/3/4 2847/3/4 2853/3/4
f 2847/3/4 2848/3/4 2853/3/4
f 2853/3/4 2848/3/4 2854/3/4
f 2849/3/4 2850/3/4 2855/3/4
f 2855/3/4 2850/3/4 2856/3/4
f 2857/3/4 2858/3/4 2863/3/4
f 2863/3/4 2858/3/4 2864/3/4
f 2859/3/4 2860/3/4 2865/3/4
f 2865/3/4 2860/3/4 2866/3/4
f 2866/3/4 2860/3/4 2867/3/4
f 2861/3/4 2862/3/4 2868/3/4
f 2868/3/4 2862/3/4 2869/3/4
f 2870/2/4 2871/2/4 2875/2/4
f 2875/2/4 2871/2/4 2876/2/4
f 2872/5/4 2873/5/4 2877/5/4
f 2877/5/4 2873/5/4 2878/5/4
f 2874/5/4 2875/5/4 2879/5/4
f 2879/5/4 2875/5/4 2880/5/4
f 2880/2/4 2881/2/4 2882/2/4
f 2882/2/4 2881/2/4 2883/2/4
f 2884/5/4 2885/5/4 2888/5/4
f 2888/5/4 2885/5/4 2889/5/4
f 2886/2/4 2887/2/4 2890/2/4
f 2890/2/4 2887/2/4 2891/2/4
f 2892/3/4 2893/3/4 2899/3/4
f 2899/3/4 2893/3/4 2900/3/4
f 2894/3/4 2895/3/4 2901/3/4
f 2895/3/4 2896/3/4 2901/3/4
f 2901/3/4 2896/3/4 2902/3/4
f 2897/3/4 2898/3/4 2903/3/4
f 2903/3/4 2898/3/4 2904/3/4
f 2905/3/4 2906/3/4 2911/3/4
f 2911/3/4 2906/3/4 2912/3/4
f 2907/3/4 2908/3/4 2913/3/4
f 2913/3/4 2908/3/4 2914/3/4
f 2914/3/4 2908/3/4 2915/3/4
f 2909/3/4 2910/3/4 2916/3/4
f 2916/3/4 2910/3/4 2917/3/4
f 2918/5/4 2919/5/4 2923/5/4
f 2923/5/4 2919/5/4 2924/5/4
f 2920/6/4 2921/6/4 2925/6/4
f 2925/6/4 2921/6/4 2926/6/4
f 2923/5/4 2924/5/4 2927/5/4
f 2922/5/4 2923/5/4 2927/5/4
f 2924/5/4 2925/5/4 2927/5/4
f 2927/5/4 2925/5/4 2928/5/4
f 2928/6/4 2929/6/4 2930/6/4
f 2930/6/4 2929/6/4 2931/6/4
f 2932/6/4 2933/6/4 2934/6/4
f 2934/6/4 2933/6/4 2935/6/4
f 2936/3/4 2937/3/4 2943/3/4
f 2943/3/4 2937/3/4 2944/3/4
f 2938/3/4 2939/3/4 2945/3/4
f 2939/3/4 2940/3/4 2945/3/4
f 2945/3/4 2940/3/4 2946/3/4
f 2941/3/4 2942/3/4 2947/3/4
f 2947/3/4 2942/3/4 2948/3/4
f 2949/2/4 2950/2/4 2954/2/4
f 2954/2/4 2950/2/4 2955/2/4
f 2951/5/4 2952/5/4 2956/5/4
f 2956/5/4 2952/5/4 2957/5/4
f 2953/5/4 2954/5/4 2958/5/4
f 2958/5/4 2954/5/4 2959/5/4
f 2959/2/4 2960/2/4 2961/2/4
f 2961/2/4 2960/2/4 2962/2/4
f 2963/2/4 2964/2/4 2968/2/4
f 2968/2/4 2964/2/4 2969/2/4
f 2965/5/4 2966/5/4 2970/5/4
f 2970/5/4 2966/5/4 2971/5/4
f 2967/5/4 2968/5/4 2972/5/4
f 2972/5/4 2968/5/4 2973/5/4
f 2973/2/4 2974/2/4 2975/2/4
f 2975/2/4 2974/2/4 2976/2/4
f 2977/3/4 2978/3/4 2983/3/4
f 2983/3/4 2978/3/4 2984/3/4
f 2979/3/4 2980/3/4 2985/3/4
f 2985/3/4 2980/3/4 2986/3/4
f 2986/3/4 2980/3/4 2987/3/4
f 2981/3/4 2982/3/4 2988/3/4
f 2988/3/4 2982/3/4 2989/3/4
f 2990/5/4 2991/5/4 2994/5/4
f 2994/5/4 2991/5/4 2995/5/4
f 2992/2/4 2993/2/4 2996/2/4
f 2996/2/4 2993/2/4 2997/2/4
f 2998/5/4 2999/5/4 3002/5/4
f 3002/5/4 2999/5/4 3003/5/4
f 3000/2/4 3001/2/4 3004/2/4
f 3004/2/4 3001/2/4 3005/2/4
f 3006/1/4 3007/1/4 3009/1/4
f 3009/1/4 3007/1/4 3010/1/4
f 3008/5/4 3009/5/4 3011/5/4
f 3011/5/4 3009/5/4 3012/5/4
f 3012/5/4 3009/5/4 3013/5/4
f 3013/5/4 3009/5/4 3014/5/4
f 3012/5/4 3013/5/4 3016/5/4
f 3016/5/4 3013/5/4 3017/5/4
f 3014/1/4 3015/1/4 3018/1/4
f 3018/1/4 3015/1/4 3019/1/4
f 3020/3/4 3021/3/4 3027/3/4
f 3027/3/4 3021/3/4 3028/3/4
f 3022/3/4 3023/3/4 3029/3/4
f 3023/3/4 3024/3/4 3029/3/4
f 3029/3/4 3024/3/4 3030/3/4
f 3025/3/4 3026/3/4 3031/3/4
f 3031/3/4 3026/3/4 3032/3/4
f 3033/1/4 3034/1/4 3035/1/4
f 3035/1/4 3034/1/4 3036/1/4
f 3037/3/4 3038/3/4 3043/3/4
f 3043/3/4 3038/3/4 3044/3/4
f 3039/3/4 3040/3/4 3045/3/4
f 3045/3/4 3040/3/4 3046/3/4
f 3046/3/4 3040/3/4 3047/3/4
f 3041/3/4 3042/3/4 3048/3/4
f 3048/3/4 3042/3/4 3049/3/4
f 3050/6/4 3051/6/4 3055/6/4
f 3055/6/4 3051/6/4 3056/6/4
f 3052/5/4 3053/5/4 3057/5/4
f 3057/5/4 3053/5/4 3058/5/4
f 3054/5/4 3055/5/4 3059/5/4
f 3059/5/4 3055/5/4 3060/5/4
f 3060/6/4 3061/6/4 3062/6/4
f 3062/6/4 3061/6/4 3063/6/4
f 3064/3/4 3065/3/4 3071/3/4
f 3071/3/4 3065/3/4 3072/3/4
f 3066/3/4 3067/3/4 3073/3/4
f 3067/3/4 3068/3/4 3073/3/4
f 3073/3/4 3068/3/4 3074/3/4
f 3069/3/4 3070/3/4 3075/3/4
f 3075/3/4 3070/3/4 3076/3/4
f 3077/5/4 3078/5/4 3081/5/4
f 3081/5/4 3078/5/4 3082/5/4
f 3079/6/4 3080/6/4 3083/6/4
f 3083/6/4 3080/6/4 3084/6/4
f 3085/3/4 3086/3/4 3091/3/4
f 3091/3/4 3086/3/4 3092/3/4
f 3087/3/4 3088/3/4 3093/3/4
f 3093/3/4 3088/3/4 3094/3/4
f 3094/3/4 3088/3/4 3095/3/4
f 3089/3/4 3090/3/4 3096/3/4
f 3096/3/4 3090/3/4 3097/3/4
f 3098/2/4 3099/2/4 3101/2/4
f 3101/2/4 3099/2/4 3102/2/4
f 3100/5/4 3101/5/4 3103/5/4
f 3103/5/4 3101/5/4 3104/5/4
f 3104/2/4 3105/2/4 3106/2/4
f 3106/2/4 3105/2/4 3107/2/4
f 3108/2/4 3109/2/4 3110/2/4
f 3110/2/4 3109/2/4 3111/2/4
f 3112/3/4 3113/3/4 3119/3/4
f 3119/3/4 3113/3/4 3120/3/4
f 3114/3/4 3115/3/4 3121/3/4
f 3115/3/4 3116/3/4 3121/3/4
f 3121/3/4 3116/3/4 3122/3/4
f 3117/3/4 3118/3/4 3123/3/4
f 3123/3/4 3118/3/4 3124/3/4
f 3125/3/4 3126/3/4 3131/3/4
f 3131/3/4 3126/3/4 3132/3/4
f 3127/3/4 3128/3/4 3133/3/4
f 3133/3/4 3128/3/4 3134/3/4
f 3134/3/4 3128/3/4 3135/3/4
f 3129/3/4 3130/3/4 3136/3/4
f 3136/3/4 3130/3/4 3137/3/4
f 3138/2/4 3139/2/4 3143/2/4
f 3143/2/4 3139/2/4 3144/2/4
f 3140/5/4 3141/5/4 3145/5/4
f 3145/5/4 3141/5/4 3146/5/4
f 3142/5/4 3143/5/4 3147/5/4
f 3147/5/4 3143/5/4 3148/5/4
f 3148/2/4 3149/2/4 3150/2/4
f 3150/2/4 3149/2/4 3151/2/4
f 3152/5/4 3153/5/4 3157/5/4
f 3157/5/4 3153/5/4 3158/5/4
f 3154/1/4 3155/1/4 3159/1/4
f 3159/1/4 3155/1/4 3160/1/4
f 3157/5/4 3158/5/4 3161/5/4
f 3156/5/4 3157/5/4 3161/5/4
f 3158/5/4 3159/5/4 3161/5/4
f 3161/5/4 3159/5/4 3162/5/4
f 3162/5/4 3159/5/4 3163/5/4
f 3163/5/4 3159/5/4 3164/5/4
f 3162/5/4 3163/5/4 3166/5/4
f 3166/5/4 3163/5/4 3167/5/4
f 3164/1/4 3165/1/4 3168/1/4
f 3168/1/4 3165/1/4 3169/1/4
f 3170/5/4 3171/5/4 3174/5/4
f 3174/5/4 3171/5/4 3175/5/4
f 3172/2/4 3173/2/4 3176/2/4
f 3176/2/4 3173/2/4 3177/2/4
f 3178/3/4 3179/3/4 3185/3/4
f 3185/3/4 3179/3/4 3186/3/4
f 3180/3/4 3181/3/4 3187/3/4
f 3181/3/4 3182/3/4 3187/3/4
f 3187/3/4 3182/3/4 3188/3/4
f 3183/3/4 3184/3/4 3189/3/4
f 3189/3/4 3184/3/4 3190/3/4
f 3191/1/4 3192/1/4 3193/1/4
f 3193/1/4 3192/1/4 3194/1/4
f 3195/3/4 3196/3/4 3201/3/4
f 3201/3/4 3196/3/4 3202/3/4
f 3197/3/4 3198/3/4 3203/3/4
f 3203/3/4 3198/3/4 3204/3/4
f 3204/3/4 3198/3/4 3205/3/4
f 3199/3/4 3200/3/4 3206/3/4
f 3206/3/4 3200/3/4 3207/3/4
f 3208/2/4 3209/2/4 3211/2/4
f 3211/2/4 3209/2/4 3212/2/4
f 3210/5/4 3211/5/4 3213/5/4
f 3213/5/4 3211/5/4 3214/5/4
f 3214/2/4 3215/2/4 3216/2/4
f 3216/2/4 3215/2/4 3217/2/4
f 3218/3/4 3219/3/4 3225/3/4
f 3225/3/4 3219/3/4 3226/3/4
f 3220/3/4 3221/3/4 3227/3/4
f 3221/3/4 3222/3/4 3227/3/4
f 3227/3/4 3222/3/4 3228/3/4
f 3223/3/4 3224/3/4 3229/3/4
f 3229/3/4 3224/3/4 3230/3/4
f 3231/2/4 3232/2/4 3233/2/4
f 3233/2/4 3232/2/4 3234/2/4
f 3235/3/4 3236/3/4 3241/3/4
f 3241/3/4 3236/3/4 3242/3/4
f 3237/3/4 3238/3/4 3243/3/4
f 3243/3/4 3238/3/4 3244/3/4
f 3244/3/4 3238/3/4 3245/3/4
f 3239/3/4 3240/3/4 3246/3/4
f 3246/3/4 3240/3/4 3247/3/4
f 3248/5/4 3249/5/4 3253/5/4
f 3253/5/4 3249/5/4 3254/5/4
f 3250/6/4 3251/6/4 3255/6/4
f 3255/6/4 3251/6/4 3256/6/4
f 3253/5/4 3254/5/4 3257/5/4
f 3252/5/4 3253/5/4 3257/5/4
f 3254/5/4 3255/5/4 3257/5/4
f 3257/5/4 3255/5/4 3258/5/4
f 3258/6/4 3259/6/4 3260/6/4
f 3260/6/4 3259/6/4 3261/6/4
f 3262/6/4 3263/6/4 3264/6/4
f 3264/6/4 3263/6/4 3265/6/4
f 3266/5/4 3267/5/4 3271/5/4
f 3271/5/4 3267/5/4 3272/5/4
f 3268/2/4 3269/2/4 3273/2/4
f 3273/2/4 3269/2/4 3274/2/4
f 3271/5/4 3272/5/4 3275/5/4
f 3270/5/4 3271/5/4 3275/5/4
f 3272/5/4 3273/5/4 3275/5/4
f 3275/5/4 3273/5/4 3276/5/4
f 3276/2/4 3277/2/4 3278/2/4
f 3278/2/4 3277/2/4 3279/2/4
f 3280/3/4 3281/3/4 3287/3/4
f 3287/3/4 3281/3/4 3288/3/4
f 3282/3/4 3283/3/4 3289/3/4
f 3283/3/4 3284/3/4 3289/3/4
f 3289/3/4 3284/3/4 3290/3/4
f 3285/3/4 3286/3/4 3291/3/4
f 3291/3/4 3286/3/4 3292/3/4
f 3293/5/4 3294/5/4 3298/5/4
f 3298/5/4 3294/5/4 3299/5/4
f 3295/1/4 3296/1/4 3302/1/4
f 3302/1/4 3296/1/4 3303/1/4
f 3299/5/4 3300/5/4 3304/5/4
f 3297/5/4 3298/5/4 3304/5/4
f 3298/5/4 3299/5/4 3304/5/4
f 3304/5/4 3300/5/4 3305/5/4
f 3301/5/4 3302/5/4 3306/5/4
f 3306/5/4 3302/5/4 3307/5/4
f 3307/1/4 3308/1/4 3309/1/4
f 3309/1/4 3308/1/4 3310/1/4
f 3311/2/4 3312/2/4 3313/2/4
f 3313/2/4 3312/2/4 3314/2/4
f 3315/3/4 3316/3/4 3321/3/4
f 3321/3/4 3316/3/4 3322/3/4
f 3317/3/4 3318/3/4 3323/3/4
f 3323/3/4 3318/3/4 3324/3/4
f 3324/3/4 3318/3/4 3325/3/4
f 3319/3/4 3320/3/4 3326/3/4
f 3326/3/4 3320/3/4 3327/3/4
f 3328/5/4 3329/5/4 3332/5/4
f 3332/5/4 3329/5/4 3333/5/4
f 3330/1/4 3331/1/4 3334/1/4
f 3334/1/4 3331/1/4 3335/1/4
f 3336/3/4 3337/3/4 3343/3/4
f 3343/3/4 3337/3/4 3344/3/4
f 3338/3/4 3339/3/4 3345/3/4
f 3339/3/4 3340/3/4 3345/3/4
f 3345/3/4 3340/3/4 3346/3/4
f 3341/3/4 3342/3/4 3347/3/4
f 3347/3/4 3342/3/4 3348/3/4
f 3349/4/4 3350/4/4 3353/4/4
f 3353/4/4 3350/4/4 3354/4/4
f 3351/4/4 3352/4/4 3355/4/4
f 3355/4/4 3352/4/4 3356/4/4
f 3357/4/4 3358/4/4 3361/4/4
f 3361/4/4 3358/4/4 3362/4/4
f 3359/4/4 3360/4/4 3363/4/4
f 3363/4/4 3360/4/4 3364/4/4
f 3365/4/4 3366/4/4 3369/4/4
f 3369/4/4 3366/4/4 3370/4/4
f 3367/4/4 3368/4/4 3371/4/4
f 3371/4/4 3368/4/4 3372/4/4
f 3373/4/4 3374/4/4 3377/4/4
f 3377/4/4 3374/4/4 3378/4/4
f 3375/4/4 3376/4/4 3379/4/4
f 3379/4/4 3376/4/4 3380/4/4
f 3381/4/4 3382/4/4 3385/4/4
f 3385/4/4 3382/4/4 3386/4/4
f 3383/4/4 3384/4/4 3387/4/4
f 3387/4/4 3384/4/4 3388/4/4
f 3389/4/4 3390/4/4 3393/4/4
f 3393/4/4 3390/4/4 3394/4/4
f 3391/4/4 3392/4/4 3395/4/4
f 3395/4/4 3392/4/4 3396/4/4
f 3397/4/4 3398/4/4 3401/4/4
f 3401/4/4 3398/4/4 3402/4/4
f 3399/4/4 3400/4/4 3403/4/4
f 3403/4/4 3400/4/4 3404/4/4
f 3405/3/4 3406/3/4 3411/3/4
f 3407/3/4 3408/3/4 3412/3/4
f 3412/3/4 3408/3/4 3413/3/4
f 3409/3/4 3410/3/4 3414/3/4
f 3414/3/4 3410/3/4 3415/3/4
f 3412/3/4 3413/3/4 3417/3/4
f 3415/3/4 3416/3/4 3417/3/4
f 3414/3/4 3415/3/4 3417/3/4
f 3413/3/4 3414/3/4 3417/3/4
f 3405/3/4 3411/3/4 3417/3/4
f 3411/3/4 3412/3/4 3417/3/4
f 3417/3/4 3416/3/4 3418/3/4
f 3418/3/4 3416/3/4 3419/3/4
f 3419/3/4 3416/3/4 3420/3/4
f 3420/3/4 3416/3/4 3421/3/4
f 3421/3/4 3416/3/4 3422/3/4
f 3405/3/4 3417/3/4 3423/3/4
f 3418/3/4 3419/3/4 3424/3/4
f 3424/3/4 3419/3/4 3425/3/4
f 3420/3/4 3421/3/4 3426/3/4
f 3426/3/4 3421/3/4 3427/3/4
f 3424/3/4 3425/3/4 3429/3/4
f 3427/3/4 3428/3/4 3429/3/4
f 3426/3/4 3427/3/4 3429/3/4
f 3425/3/4 3426/3/4 3429/3/4
f 3405/3/4 3423/3/4 3429/3/4
f 3423/3/4 3424/3/4 3429/3/4
f 3429/3/4 3428/3/4 3430/3/4
f 3430/3/4 3428/3/4 3431/3/4
f 3431/3/4 3428/3/4 3432/3/4
f 3432/3/4 3428/3/4 3433/3/4
f 3433/3/4 3428/3/4 3434/3/4
f 3405/3/4 3429/3/4 3435/3/4
f 3430/3/4 3431/3/4 3436/3/4
f 3436/3/4 3431/3/4 3437/3/4
f 3432/3/4 3433/3/4 3438/3/4
f 3438/3/4 3433/3/4 3439/3/4
f 3438/3/4 3439/3/4 3441/3/4
f 3439/3/4 3440/3/4 3441/3/4
f 3437/3/4 3438/3/4 3441/3/4
f 3436/3/4 3437/3/4 3441/3/4
f 3435/3/4 3436/3/4 3441/3/4
f 3405/3/4 3435/3/4 3441/3/4
f 3441/3/4 3440/3/4 3442/3/4
f 3442/3/4 3440/3/4 3443/3/4
f 3443/3/4 3440/3/4 3444/3/4
f 3444/3/4 3440/3/4 3445/3/4
f 3445/3/4 3440/3/4 3446/3/4
f 3405/3/4 3441/3/4 3447/3/4
f 3442/3/4 3443/3/4 3448/3/4
f 3448/3/4 3443/3/4 3449/3/4
f 3444/3/4 3445/3/4 3450/3/4
f 3450/3/4 3445/3/4 3451/3/4
f 3448/3/4 3449/3/4 3453/3/4
f 3451/3/4 3452/3/4 3453/3/4
f 3450/3/4 3451/3/4 3453/3/4
f 3449/3/4 3450/3/4 3453/3/4
f 3405/3/4 3447/3/4 3453/3/4
f 3447/3/4 3448/3/4 3453/3/4
f 3453/3/4 3452/3/4 3454/3/4
f 3454/3/4 3452/3/4 3455/3/4
f 3455/3/4 3452/3/4 3456/3/4
f 3456/3/4 3452/3/4 3457/3/4
f 3457/3/4 3452/3/4 3458/3/4
f 3405/3/4 3453/3/4 3459/3/4
f 3454/3/4 3455/3/4 3460/3/4
f 3460/3/4 3455/3/4 3461/3/4
f 3456/3/4 3457/3/4 3462/3/4
f 3462/3/4 3457/3/4 3463/3/4
f 3462/3/4 3463/3/4 3465/3/4
f 3463/3/4 3464/3/4 3465/3/4
f 3461/3/4 3462/3/4 3465/3/4
f 3460/3/4 3461/3/4 3465/3/4
f 3459/3/4 3460/3/4 3465/3/4
f 3405/3/4 3459/3/4 3465/3/4
f 3465/3/4 3464/3/4 3466/3/4
f 3466/3/4 3464/3/4 3467/3/4
f 3467/3/4 3464/3/4 3468/3/4
f 3468/3/4 3464/3/4 3469/3/4
f 3469/3/4 3464/3/4 3470/3/4
f 3405/3/4 3465/3/4 3471/3/4
f 3466/3/4 3467/3/4 3472/3/4
f 3472/3/4 3467/3/4 3473/3/4
f 3468/3/4 3469/3/4 3474/3/4
f 3474/3/4 3469/3/4 3475/3/4
f 3472/3/4 3473/3/4 3477/3/4
f 3475/3/4 3476/3/4 3477/3/4
f 3474/3/4 3475/3/4 3477/3/4
f 3473/3/4 3474/3/4 3477/3/4
f 3405/3/4 3471/3/4 3477/3/4
f 3471/3/4 3472/3/4 3477/3/4
f 3477/3/4 3476/3/4 3478/3/4
f 3478/3/4 3476/3/4 3479/3/4
f 3479/3/4 3476/3/4 3480/3/4
f 3480/3/4 3476/3/4 3481/3/4
f 3481/3/4 3476/3/4 3482/3/4
f 3405/3/4 3477/3/4 3483/3/4
f 3483/3/4 3477/3/4 3484/3/4
f 3478/3/4 3479/3/4 3485/3/4
f 3485/3/4 3479/3/4 3486/3/4
f 3480/3/4 3481/3/4 3487/3/4
f 3487/3/4 3481/3/4 3488/3/4
f 3491/3/5 3490/3/5 3489/3/5
f 3492/3/5 3490/3/5 3491/3/5
f 3507/3/5 3494/3/5 3493/3/5
f 3508/3/5 3494/3/5 3507/3/5
f 3509/3/5 3494/3/5 3508/3/5
f 3510/3/5 3496/3/5 3495/3/5
f 3511/3/5 3496/3/5 3510/3/5
f 3512/3/5 3498/3/5 3497/3/5
f 3513/3/5 3498/3/5 3512/3/5
f 3514/3/5 3500/3/5 3499/3/5
f 3515/3/5 3500/3/5 3514/3/5
f 3516/3/5 3502/3/5 3501/3/5
f 3517/3/5 3502/3/5 3516/3/5
f 3518/3/5 3504/3/5 3503/3/5
f 3519/3/5 3504/3/5 3518/3/5
f 3520/3/5 3506/3/5 3505/3/5
f 3523/3/5 3506/3/5 3520/3/5
f 3524/3/5 3506/3/5 3523/3/5
f 3527/3/5 3522/3/5 3521/3/5
f 3528/3/5 3522/3/5 3527/3/5
f 3531/3/5 3526/3/5 3525/3/5
f 3532/3/5 3526/3/5 3531/3/5
f 3535/3/5 3530/3/5 3529/3/5
f 3536/3/5 3530/3/5 3535/3/5
f 3539/3/5 3534/3/5 3533/3/5
f 3540/3/5 3534/3/5 3539/3/5
f 3543/3/5 3538/3/5 3537/3/5
f 3544/3/5 3538/3/5 3543/3/5
f 3547/3/5 3542/3/5 3541/3/5
f 3548/3/5 3542/3/5 3547/3/5
f 3551/3/5 3546/3/5 3545/3/5
f 3552/3/5 3546/3/5 3551/3/5
f 3555/3/5 3550/3/5 3549/3/5
f 3556/3/5 3550/3/5 3555/3/5
f 3559/3/5 3554/3/5 3553/3/5
f 3560/3/5 3554/3/5 3559/3/5
f 3563/3/5 3558/3/5 3557/3/5
f 3564/3/5 3558/3/5 3563/3/5
f 3567/3/5 3562/3/5 3561/3/5
f 3568/3/5 3562/3/5 3567/3/5
f 3571/3/5 3566/3/5 3565/3/5
f 3572/3/5 3566/3/5 3571/3/5
f 3575/3/5 3570/3/5 3569/3/5
f 3576/3/5 3570/3/5 3575/3/5
f 3579/3/5 3574/3/5 3573/3/5
f 3580/3/5 3574/3/5 3579/3/5
f 3583/3/5 3578/3/5 3577/3/5
f 3584/3/5 3578/3/5 3583/3/5
f 3587/3/5 3582/3/5 3581/3/5
f 3588/3/5 3582/3/5 3587/3/5
f 3591/3/5 3586/3/5 3585/3/5
f 3592/3/5 3586/3/5 3591/3/5
f 3595/3/5 3590/3/5 3589/3/5
f 3596/3/5 3590/3/5 3595/3/5
f 3599/3/5 3594/3/5 3593/3/5
f 3600/3/5 3594/3/5 3599/3/5
f 3603/3/5 3598/3/5 3597/3/5
f 3604/3/5 3598/3/5 3603/3/5
f 3607/3/5 3602/3/5 3601/3/5
f 3608/3/5 3602/3/5 3607/3/5
f 3611/3/5 3606/3/5 3605/3/5
f 3612/3/5 3606/3/5 3611/3/5
f 3615/3/5 3610/3/5 3609/3/5
f 3616/3/5 3610/3/5 3615/3/5
f 3617/3/5 3614/3/5 3613/3/5
f 3618/3/5 3614/3/5 3617/3/5
f 3623/3/5 3620/3/5 3619/3/5
f 3636/3/5 3622/3/5 3621/3/5
f 3637/3/5 3623/3/5 3619/3/5
f 3637/3/5 3624/3/5 3623/3/5
f 3638/3/5 3624/3/5 3637/3/5
f 3639/3/5 3626/3/5 3625/3/5
f 3640/3/5 3626/3/5 3639/3/5
f 3641/3/5 3628/3/5 3627/3/5
f 3642/3/5 3628/3/5 3641/3/5
f 3643/3/5 3630/3/5 3629/3/5
f 3644/3/5 3630/3/5 3643/3/5
f 3645/3/5 3632/3/5 3631/3/5
f 3646/3/5 3632/3/5 3645/3/5
f 3647/3/5 3634/3/5 3633/3/5
f 3648/3/5 3634/3/5 3647/3/5
f 3649/3/5 3636/3/5 3635/3/5
f 3650/3/5 3622/3/5 3636/3/5
f 3650/3/5 3636/3/5 3649/3/5
f 3665/3/5 3652/3/5 3651/3/5
f 3666/3/5 3652/3/5 3665/3/5
f 3667/3/5 3652/3/5 3666/3/5
f 3668/3/5 3654/3/5 3653/3/5
f 3669/3/5 3654/3/5 3668/3/5
f 3670/3/5 3656/3/5 3655/3/5
f 3671/3/5 3656/3/5 3670/3/5
f 3672/3/5 3658/3/5 3657/3/5
f 3673/3/5 3658/3/5 3672/3/5
f 3674/3/5 3660/3/5 3659/3/5
f 3675/3/5 3660/3/5 3674/3/5
f 3676/3/5 3662/3/5 3661/3/5
f 3677/3/5 3662/3/5 3676/3/5
f 3678/3/5 3664/3/5 3663/3/5
f 3681/3/5 3664/3/5 3678/3/5
f 3682/3/5 3664/3/5 3681/3/5
f 3685/3/5 3680/3/5 3679/3/5
f 3686/3/5 3680/3/5 3685/3/5
f 3691/3/5 3684/3/5 3683/3/5
f 3692/3/5 3684/3/5 3691/3/5
f 3695/5/5 3690/5/5 3689/5/5
f 3696/5/5 3690/5/5 3695/5/5
f 3699/3/5 3688/3/5 3687/3/5
f 3700/3/5 3688/3/5 3699/3/5
f 3701/5/5 3694/5/5 3693/5/5
f 3702/5/5 3694/5/5 3701/5/5
f 3705/3/5 3698/3/5 3697/3/5
f 3706/3/5 3698/3/5 3705/3/5
f 3709/3/5 3704/3/5 3703/3/5
f 3710/3/5 3704/3/5 3709/3/5
f 3715/3/5 3708/3/5 3707/3/5
f 3716/3/5 3708/3/5 3715/3/5
f 3717/5/5 3714/5/5 3713/5/5
f 3718/5/5 3714/5/5 3717/5/5
f 3721/3/5 3712/3/5 3711/3/5
f 3722/3/5 3712/3/5 3721/3/5
f 3727/3/5 3720/3/5 3719/3/5
f 3728/3/5 3720/3/5 3727/3/5
f 3729/5/5 3726/5/5 3725/5/5
f 3730/5/5 3726/5/5 3729/5/5
f 3733/3/5 3724/3/5 3723/3/5
f 3734/3/5 3724/3/5 3733/3/5
f 3741/5/5 3736/5/5 3735/5/5
f 3742/5/5 3736/5/5 3741/5/5
f 3743/3/5 3732/3/5 3731/3/5
f 3744/3/5 3732/3/5 3743/3/5
f 3745/5/5 3740/5/5 3739/5/5
f 3746/5/5 3740/5/5 3745/5/5
f 3749/3/5 3738/3/5 3737/3/5
f 3750/3/5 3738/3/5 3749/3/5
f 3755/3/5 3748/3/5 3747/3/5
f 3756/3/5 3748/3/5 3755/3/5
f 3757/5/5 3754/5/5 3753/5/5
f 3758/5/5 3754/5/5 3757/5/5
f 3761/3/5 3752/3/5 3751/3/5
f 3762/3/5 3752/3/5 3761/3/5
f 3765/3/5 3760/3/5 3759/3/5
f 3766/3/5 3760/3/5 3765/3/5
f 3773/3/5 3764/3/5 3763/3/5
f 3774/3/5 3764/3/5 3773/3/5
f 3775/5/5 3768/5/5 3767/5/5
f 3776/5/5 3768/5/5 3775/5/5
f 3777/5/5 3770/5/5 3769/5/5
f 3778/5/5 3770/5/5 3777/5/5
f 3781/3/5 3772/3/5 3771/3/5
f 3782/3/5 3772/3/5 3781/3/5
f 3785/3/5 3780/3/5 3779/3/5
f 3786/3/5 3780/3/5 3785/3/5
f 3791/3/5 3784/3/5 3783/3/5
f 3792/3/5 3784/3/5 3791/3/5
f 3793/5/5 3790/5/5 3789/5/5
f 3794/5/5 3790/5/5 3793/5/5
f 3797/3/5 3788/3/5 3787/3/5
f 3798/3/5 3788/3/5 3797/3/5
f 3801/3/5 3796/3/5 3795/3/5
f 3802/3/5 3796/3/5 3801/3/5
f 3805/3/5 3800/3/5 3799/3/5
f 3806/3/5 3800/3/5 3805/3/5
f 3811/5/5 3808/5/5 3807/5/5
f 3812/5/5 3808/5/5 3811/5/5
f 3815/3/5 3804/3/5 3803/3/5
f 3816/3/5 3804/3/5 3815/3/5
f 3817/5/5 3814/5/5 3813/5/5
f 3818/5/5 3814/5/5 3817/5/5
f 3821/3/5 3810/3/5 3809/3/5
f 3822/3/5 3810/3/5 3821/3/5
f 3823/3/5 3820/3/5 3819/3/5
f 3824/3/5 3820/3/5 3823/3/5
f 3829/3/5 3826/3/5 3825/3/5
f 3842/3/5 3828/3/5 3827/3/5
f 3843/3/5 3829/3/5 3825/3/5
f 3843/3/5 3830/3/5 3829/3/5
f 3844/3/5 3830/3/5 3843/3/5
f 3845/3/5 3832/3/5 3831/3/5
f 3846/3/5 3832/3/5 3845/3/5
f 3847/3/5 3834/3/5 3833/3/5
f 3848/3/5 3834/3/5 3847/3/5
f 3849/3/5 3836/3/5 3835/3/5
f 3850/3/5 3836/3/5 3849/3/5
f 3851/3/5 3838/3/5 3837/3/5
f 3852/3/5 3838/3/5 3851/3/5
f 3853/3/5 3840/3/5 3839/3/5
f 3854/3/5 3840/3/5 3853/3/5
f 3855/3/5 3842/3/5 3841/3/5
f 3856/3/5 3828/3/5 3842/3/5
f 3856/3/5 3842/3/5 3855/3/5
f 3859/5/5 3858/5/5 3857/5/5
f 3860/5/5 3858/5/5 3859/5/5
f 3865/5/5 3862/5/5 3861/5/5
f 3866/5/5 3862/5/5 3865/5/5
f 3867/5/5 3864/5/5 3863/5/5
f 3868/5/5 3864/5/5 3867/5/5
f 3871/5/5 3870/5/5 3869/5/5
f 3872/5/5 3870/5/5 3871/5/5
f 3875/5/5 3874/5/5 3873/5/5
f 3876/5/5 3874/5/5 3875/5/5
f 3879/5/5 3878/5/5 3877/5/5
f 3880/5/5 3878/5/5 3879/5/5
f 3884/2/5 3882/2/5 3881/2/5
f 3885/2/5 3882/2/5 3884/2/5
f 3887/2/5 3884/2/5 3883/2/5
f 3888/2/5 3884/2/5 3887/2/5
f 3889/2/5 3886/2/5 3885/2/5
f 3890/2/5 3886/2/5 3889/2/5
f 3891/2/5 3889/2/5 3888/2/5
f 3892/2/5 3889/2/5 3891/2/5
f 3896/1/5 3894/1/5 3893/1/5
f 3897/1/5 3894/1/5 3896/1/5
f 3899/1/5 3896/1/5 3895/1/5
f 3900/1/5 3896/1/5 3899/1/5
f 3901/1/5 3898/1/5 3897/1/5
f 3902/1/5 3898/1/5 3901/1/5
f 3903/1/5 3901/1/5 3900/1/5
f 3904/1/5 3901/1/5 3903/1/5
f 3908/2/5 3906/2/5 3905/2/5
f 3909/2/5 3906/2/5 3908/2/5
f 3911/2/5 3908/2/5 3907/2/5
f 3912/2/5 3908/2/5 3911/2/5
f 3913/2/5 3910/2/5 3909/2/5
f 3914/2/5 3910/2/5 3913/2/5
f 3917/2/5 3913/2/5 3912/2/5
f 3918/2/5 3913/2/5 3917/2/5
f 3920/6/5 3916/6/5 3915/6/5
f 3921/6/5 3916/6/5 3920/6/5
f 3923/6/5 3920/6/5 3919/6/5
f 3924/6/5 3920/6/5 3923/6/5
f 3925/6/5 3922/6/5 3921/6/5
f 3926/6/5 3922/6/5 3925/6/5
f 3927/6/5 3925/6/5 3924/6/5
f 3928/6/5 3925/6/5 3927/6/5
f 3935/5/5 3930/5/5 3929/5/5
f 3936/5/5 3930/5/5 3935/5/5
f 3937/5/5 3932/5/5 3931/5/5
f 3938/5/5 3932/5/5 3937/5/5
f 3940/1/5 3934/1/5 3933/1/5
f 3941/1/5 3934/1/5 3940/1/5
f 3943/1/5 3940/1/5 3939/1/5
f 3944/1/5 3940/1/5 3943/1/5
f 3945/1/5 3942/1/5 3941/1/5
f 3946/1/5 3942/1/5 3945/1/5
f 3949/1/5 3945/1/5 3944/1/5
f 3950/1/5 3945/1/5 3949/1/5
f 3952/6/5 3948/6/5 3947/6/5
f 3953/6/5 3948/6/5 3952/6/5
f 3957/6/5 3952/6/5 3951/6/5
f 3958/6/5 3952/6/5 3957/6/5
f 3959/6/5 3954/6/5 3953/6/5
f 3960/6/5 3954/6/5 3959/6/5
f 3962/2/5 3956/2/5 3955/2/5
f 3963/2/5 3956/2/5 3962/2/5
f 3965/6/5 3959/6/5 3958/6/5
f 3966/6/5 3959/6/5 3965/6/5
f 3967/2/5 3962/2/5 3961/2/5
f 3968/2/5 3962/2/5 3967/2/5
f 3969/2/5 3964/2/5 3963/2/5
f 3970/2/5 3964/2/5 3969/2/5
f 3971/2/5 3969/2/5 3968/2/5
f 3972/2/5 3969/2/5 3971/2/5
f 3975/5/5 3974/5/5 3973/5/5
f 3976/5/5 3974/5/5 3975/5/5
f 3980/2/5 3978/2/5 3977/2/5
f 3981/2/5 3978/2/5 3980/2/5
f 3985/2/5 3980/2/5 3979/2/5
f 3986/2/5 3980/2/5 3985/2/5
f 3987/2/5 3982/2/5 3981/2/5
f 3988/2/5 3982/2/5 3987/2/5
f 3990/6/5 3984/6/5 3983/6/5
f 3991/6/5 3984/6/5 3990/6/5
f 3993/2/5 3987/2/5 3986/2/5
f 3994/2/5 3987/2/5 3993/2/5
f 3997/6/5 3990/6/5 3989/6/5
f 3998/6/5 3990/6/5 3997/6/5
f 3999/6/5 3992/6/5 3991/6/5
f 4000/6/5 3992/6/5 3999/6/5
f 4002/2/5 3996/2/5 3995/2/5
f 4003/2/5 3996/2/5 4002/2/5
f 4005/6/5 3999/6/5 3998/6/5
f 4006/6/5 3999/6/5 4005/6/5
f 4009/2/5 4002/2/5 4001/2/5
f 4010/2/5 4002/2/5 4009/2/5
f 4011/2/5 4004/2/5 4003/2/5
f 4012/2/5 4004/2/5 4011/2/5
f 4013/5/5 4008/5/5 4007/5/5
f 4014/5/5 4008/5/5 4013/5/5
f 4015/2/5 4011/2/5 4010/2/5
f 4016/2/5 4011/2/5 4015/2/5
f 4022/1/5 4018/1/5 4017/1/5
f 4023/1/5 4018/1/5 4022/1/5
f 4025/5/5 4020/5/5 4019/5/5
f 4026/5/5 4020/5/5 4025/5/5
f 4027/1/5 4022/1/5 4021/1/5
f 4028/1/5 4022/1/5 4027/1/5
f 4029/1/5 4024/1/5 4023/1/5
f 4030/1/5 4024/1/5 4029/1/5
f 4031/1/5 4029/1/5 4028/1/5
f 4032/1/5 4029/1/5 4031/1/5
f 4038/2/5 4034/2/5 4033/2/5
f 4039/2/5 4034/2/5 4038/2/5
f 4041/5/5 4036/5/5 4035/5/5
f 4042/5/5 4036/5/5 4041/5/5
f 4043/2/5 4038/2/5 4037/2/5
f 4044/2/5 4038/2/5 4043/2/5
f 4045/2/5 4040/2/5 4039/2/5
f 4046/2/5 4040/2/5 4045/2/5
f 4047/2/5 4045/2/5 4044/2/5
f 4048/2/5 4045/2/5 4047/2/5
f 4054/2/5 4050/2/5 4049/2/5
f 4055/2/5 4050/2/5 4054/2/5
f 4058/1/5 4052/1/5 4051/1/5
f 4059/1/5 4052/1/5 4058/1/5
f 4061/2/5 4054/2/5 4053/2/5
f 4062/2/5 4054/2/5 4061/2/5
f 4063/2/5 4056/2/5 4055/2/5
f 4064/2/5 4056/2/5 4063/2/5
f 4065/1/5 4058/1/5 4057/1/5
f 4066/1/5 4058/1/5 4065/1/5
f 4067/1/5 4060/1/5 4059/1/5
f 4068/1/5 4060/1/5 4067/1/5
f 4069/2/5 4063/2/5 4062/2/5
f 4070/2/5 4063/2/5 4069/2/5
f 4071/1/5 4067/1/5 4066/1/5
f 4072/1/5 4067/1/5 4071/1/5
f 4075/5/5 4074/5/5 4073/5/5
f 4076/5/5 4074/5/5 4075/5/5
f 4079/5/5 4078/5/5 4077/5/5
f 4080/5/5 4078/5/5 4079/5/5
f 4084/6/5 4082/6/5 4081/6/5
f 4085/6/5 4082/6/5 4084/6/5
f 4087/6/5 4084/6/5 4083/6/5
f 4088/6/5 4084/6/5 4087/6/5
f 4089/6/5 4086/6/5 4085/6/5
f 4090/6/5 4086/6/5 4089/6/5
f 4091/6/5 4089/6/5 4088/6/5
f 4092/6/5 4089/6/5 4091/6/5
f 4096/2/5 4094/2/5 4093/2/5
f 4097/2/5 4094/2/5 4096/2/5
f 4099/2/5 4096/2/5 4095/2/5
f 4100/2/5 4096/2/5 4099/2/5
f 4101/2/5 4098/2/5 4097/2/5
f 4102/2/5 4098/2/5 4101/2/5
f 4103/2/5 4101/2/5 4100/2/5
f 4104/2/5 4101/2/5 4103/2/5
f 4108/1/5 4106/1/5 4105/1/5
f 4109/1/5 4106/1/5 4108/1/5
f 4111/1/5 4108/1/5 4107/1/5
f 4112/1/5 4108/1/5 4111/1/5
f 4113/1/5 4110/1/5 4109/1/5
f 4114/1/5 4110/1/5 4113/1/5
f 4115/1/5 4113/1/5 4112/1/5
f 4116/1/5 4113/1/5 4115/1/5
f 4117/3/6 4118/3/6 4131/3/6
f 4131/3/6 4118/3/6 4132/3/6
f 4132/3/6 4118/3/6 4133/3/6
f 4119/3/6 4120/3/6 4134/3/6
f 4134/3/6 4120/3/6 4135/3/6
f 4121/3/6 4122/3/6 4136/3/6
f 4136/3/6 4122/3/6 4137/3/6
f 4123/3/6 4124/3/6 4138/3/6
f 4138/3/6 4124/3/6 4139/3/6
f 4125/3/6 4126/3/6 4140/3/6
f 4140/3/6 4126/3/6 4141/3/6
f 4127/3/6 4128/3/6 4142/3/6
f 4142/3/6 4128/3/6 4143/3/6
f 4129/3/6 4130/3/6 4144/3/6
f 4144/3/6 4130/3/6 4147/3/6
f 4147/3/6 4130/3/6 4148/3/6
f 4145/3/6 4146/3/6 4151/3/6
f 4151/3/6 4146/3/6 4152/3/6
f 4149/3/6 4150/3/6 4155/3/6
f 4155/3/6 4150/3/6 4156/3/6
f 4153/3/6 4154/3/6 4159/3/6
f 4159/3/6 4154/3/6 4160/3/6
f 4157/3/6 4158/3/6 4163/3/6
f 4163/3/6 4158/3/6 4164/3/6
f 4161/3/6 4162/3/6 4167/3/6
f 4167/3/6 4162/3/6 4168/3/6
f 4165/3/6 4166/3/6 4171/3/6
f 4171/3/6 4166/3/6 4172/3/6
f 4169/3/6 4170/3/6 4175/3/6
f 4175/3/6 4170/3/6 4176/3/6
f 4173/3/6 4174/3/6 4179/3/6
f 4179/3/6 4174/3/6 4180/3/6
f 4177/3/6 4178/3/6 4183/3/6
f 4183/3/6 4178/3/6 4184/3/6
f 4181/3/6 4182/3/6 4187/3/6
f 4187/3/6 4182/3/6 4188/3/6
f 4185/3/6 4186/3/6 4191/3/6
f 4191/3/6 4186/3/6 4192/3/6
f 4189/3/6 4190/3/6 4195/3/6
f 4195/3/6 4190/3/6 4196/3/6
f 4193/3/6 4194/3/6 4199/3/6
f 4199/3/6 4194/3/6 4200/3/6
f 4197/3/6 4198/3/6 4203/3/6
f 4203/3/6 4198/3/6 4204/3/6
f 4201/3/6 4202/3/6 4207/3/6
f 4207/3/6 4202/3/6 4208/3/6
f 4205/3/6 4206/3/6 4211/3/6
f 4211/3/6 4206/3/6 4212/3/6
f 4209/3/6 4210/3/6 4215/3/6
f 4215/3/6 4210/3/6 4216/3/6
f 4213/3/6 4214/3/6 4219/3/6
f 4219/3/6 4214/3/6 4220/3/6
f 4217/3/6 4218/3/6 4223/3/6
f 4223/3/6 4218/3/6 4224/3/6
f 4221/3/6 4222/3/6 4227/3/6
f 4227/3/6 4222/3/6 4228/3/6
f 4225/3/6 4226/3/6 4231/3/6
f 4231/3/6 4226/3/6 4232/3/6
f 4229/3/6 4230/3/6 4235/3/6
f 4235/3/6 4230/3/6 4236/3/6
f 4233/3/6 4234/3/6 4239/3/6
f 4239/3/6 4234/3/6 4240/3/6
f 4237/3/6 4238/3/6 4241/3/6
f 4241/3/6 4238/3/6 4242/3/6
f 4243/3/6 4244/3/6 4247/3/6
f 4245/3/6 4246/3/6 4260/3/6
f 4243/3/6 4247/3/6 4261/3/6
f 4247/3/6 4248/3/6 4261/3/6
f 4261/3/6 4248/3/6 4262/3/6
f 4249/3/6 4250/3/6 4263/3/6
f 4263/3/6 4250/3/6 4264/3/6
f 4251/3/6 4252/3/6 4265/3/6
f 4265/3/6 4252/3/6 4266/3/6
f 4253/3/6 4254/3/6 4267/3/6
f 4267/3/6 4254/3/6 4268/3/6
f 4255/3/6 4256/3/6 4269/3/6
f 4269/3/6 4256/3/6 4270/3/6
f 4257/3/6 4258/3/6 4271/3/6
f 4271/3/6 4258/3/6 4272/3/6
f 4259/3/6 4260/3/6 4273/3/6
f 4260/3/6 4246/3/6 4274/3/6
f 4273/3/6 4260/3/6 4274/3/6
f 4275/3/6 4276/3/6 4289/3/6
f 4289/3/6 4276/3/6 4290/3/6
f 4290/3/6 4276/3/6 4291/3/6
f 4277/3/6 4278/3/6 4292/3/6
f 4292/3/6 4278/3/6 4293/3/6
f 4279/3/6 4280/3/6 4294/3/6
f 4294/3/6 4280/3/6 4295/3/6
f 4281/3/6 4282/3/6 4296/3/6
f 4296/3/6 4282/3/6 4297/3/6
f 4283/3/6 4284/3/6 4298/3/6
f 4298/3/6 4284/3/6 4299/3/6
f 4285/3/6 4286/3/6 4300/3/6
f 4300/3/6 4286/3/6 4301/3/6
f 4287/3/6 4288/3/6 4302/3/6
f 4302/3/6 4288/3/6 4305/3/6
f 4305/3/6 4288/3/6 4306/3/6
f 4303/3/6 4304/3/6 4309/3/6
f 4309/3/6 4304/3/6 4310/3/6
f 4307/3/6 4308/3/6 4313/3/6
f 4313/3/6 4308/3/6 4314/3/6
f 4311/3/6 4312/3/6 4317/3/6
f 4317/3/6 4312/3/6 4318/3/6
f 4315/3/6 4316/3/6 4321/3/6
f 4321/3/6 4316/3/6 4322/3/6
f 4319/3/6 4320/3/6 4325/3/6
f 4325/3/6 4320/3/6 4326/3/6
f 4323/3/6 4324/3/6 4329/3/6
f 4329/3/6 4324/3/6 4330/3/6
f 4327/3/6 4328/3/6 4333/3/6
f 4333/3/6 4328/3/6 4334/3/6
f 4331/3/6 4332/3/6 4337/3/6
f 4337/3/6 4332/3/6 4338/3/6
f 4335/3/6 4336/3/6 4341/3/6
f 4341/3/6 4336/3/6 4342/3/6
f 4339/3/6 4340/3/6 4345/3/6
f 4345/3/6 4340/3/6 4346/3/6
f 4343/3/6 4344/3/6 4349/3/6
f 4349/3/6 4344/3/6 4350/3/6
f 4347/3/6 4348/3/6 4353/3/6
f 4353/3/6 4348/3/6 4354/3/6
f 4351/3/6 4352/3/6 4357/3/6
f 4357/3/6 4352/3/6 4358/3/6
f 4355/3/6 4356/3/6 4361/3/6
f 4361/3/6 4356/3/6 4362/3/6
f 4359/3/6 4360/3/6 4365/3/6
f 4365/3/6 4360/3/6 4366/3/6
f 4363/3/6 4364/3/6 4369/3/6
f 4369/3/6 4364/3/6 4370/3/6
f 4367/3/6 4368/3/6 4373/3/6
f 4373/3/6 4368/3/6 4374/3/6
f 4371/3/6 4372/3/6 4377/3/6
f 4377/3/6 4372/3/6 4378/3/6
f 4375/3/6 4376/3/6 4381/3/6
f 4381/3/6 4376/3/6 4382/3/6
f 4379/3/6 4380/3/6 4385/3/6
f 4385/3/6 4380/3/6 4386/3/6
f 4383/3/6 4384/3/6 4389/3/6
f 4389/3/6 4384/3/6 4390/3/6
f 4387/3/6 4388/3/6 4393/3/6
f 4393/3/6 4388/3/6 4394/3/6
f 4391/3/6 4392/3/6 4397/3/6
f 4397/3/6 4392/3/6 4398/3/6
f 4395/3/6 4396/3/6 4399/3/6
f 4399/3/6 4396/3/6 4400/3/6
f 4401/3/6 4402/3/6 4405/3/6
f 4403/3/6 4404/3/6 4418/3/6
f 4401/3/6 4405/3/6 4419/3/6
f 4405/3/6 4406/3/6 4419/3/6
f 4419/3/6 4406/3/6 4420/3/6
f 4407/3/6 4408/3/6 4421/3/6
f 4421/3/6 4408/3/6 4422/3/6
f 4409/3/6 4410/3/6 4423/3/6
f 4423/3/6 4410/3/6 4424/3/6
f 4411/3/6 4412/3/6 4425/3/6
f 4425/3/6 4412/3/6 4426/3/6
f 4413/3/6 4414/3/6 4427/3/6
f 4427/3/6 4414/3/6 4428/3/6
f 4415/3/6 4416/3/6 4429/3/6
f 4429/3/6 4416/3/6 4430/3/6
f 4417/3/6 4418/3/6 4431/3/6
f 4418/3/6 4404/3/6 4432/3/6
f 4431/3/6 4418/3/6 4432/3/6
f 4433/4/6 4434/4/6 4446/4/6
f 4444/4/6 4445/4/6 4446/4/6
f 4443/4/6 4444/4/6 4446/4/6
f 4442/4/6 4443/4/6 4446/4/6
f 4441/4/6 4442/4/6 4446/4/6
f 4440/4/6 4441/4/6 4446/4/6
f 4439/4/6 4440/4/6 4446/4/6
f 4438/4/6 4439/4/6 4446/4/6
f 4437/4/6 4438/4/6 4446/4/6
f 4436/4/6 4437/4/6 4446/4/6
f 4435/4/6 4436/4/6 4446/4/6
f 4434/4/6 4435/4/6 4446/4/6
f 4446/4/6 4445/4/6 4447/4/6
f 4446/4/6 4447/4/6 4448/4/6
f 4446/4/6 4448/4/6 4449/4/6
f 4449/4/6 4448/4/6 4450/4/6
f 4450/4/6 4448/4/6 4451/4/6
f 4449/4/6 4450/4/6 4452/4/6
f 4452/4/6 4450/4/6 4453/4/6
f 4451/4/6 4448/4/6 4454/4/6
f 4454/4/6 4448/4/6 4455/4/6
f 4455/4/6 4448/4/6 4456/4/6
f 4456/4/6 4448/4/6 4457/4/6
f 4452/4/6 4453/4/6 4458/4/6
f 4453/4/6 4454/4/6 4458/4/6
f 4454/4/6 4455/4/6 4458/4/6
f 4458/4/6 4455/4/6 4459/4/6
f 4459/4/6 4455/4/6 4460/4/6
f 4456/4/6 4457/4/6 4461/4/6
f 4461/4/6 4457/4/6 4462/4/6
f 4452/4/6 4458/4/6 4463/4/6
f 4463/4/6 4458/4/6 4464/4/6
f 4459/4/6 4460/4/6 4465/4/6
f 4461/4/6 4462/4/6 4465/4/6
f 4460/4/6 4461/4/6 4465/4/6
f 4463/4/6 4464/4/6 4466/4/6
f 4464/4/6 4465/4/6 4466/4/6
f 4465/4/6 4462/4/6 4467/4/6
f 4466/4/6 4465/4/6 4467/4/6
f 4466/4/6 4467/4/6 4468/4/6
f 4466/4/6 4468/4/6 4469/4/6
f 4469/4/6 4468/4/6 4470/4/6
f 4470/4/6 4468/4/6 4471/4/6
f 4469/4/6 4470/4/6 4472/4/6
f 4472/4/6 4470/4/6 4473/4/6
f 4471/4/6 4468/4/6 4474/4/6
f 4474/4/6 4468/4/6 4475/4/6
f 4472/4/6 4473/4/6 4476/4/6
f 4473/4/6 4474/4/6 4476/4/6
f 4474/4/6 4475/4/6 4476/4/6
f 4472/4/6 4476/4/6 4477/4/6
f 4477/4/6 4476/4/6 4478/4/6
f 4478/4/6 4476/4/6 4479/4/6
f 4477/4/6 4478/4/6 4480/4/6
f 4480/4/6 4478/4/6 4481/4/6
f 4479/4/6 4476/4/6 4482/4/6
f 4482/4/6 4476/4/6 4483/4/6
f 4480/4/6 4481/4/6 4484/4/6
f 4481/4/6 4482/4/6 4484/4/6
f 4482/4/6 4483/4/6 4484/4/6
f 4480/4/6 4484/4/6 4485/4/6
f 4485/4/6 4484/4/6 4486/4/6
f 4486/4/6 4484/4/6 4487/4/6
f 4485/4/6 4486/4/6 4488/4/6
f 4488/4/6 4486/4/6 4489/4/6
f 4487/4/6 4484/4/6 4490/4/6
f 4490/4/6 4484/4/6 4491/4/6
f 4488/4/6 4489/4/6 4492/4/6
f 4489/4/6 4490/4/6 4492/4/6
f 4490/4/6 4491/4/6 4492/4/6
f 4492/4/6 4491/4/6 4493/4/6
f 4493/4/6 4491/4/6 4494/4/6
f 4494/4/6 4491/4/6 4495/4/6
f 4495/4/6 4491/4/6 4496/4/6
f 4488/4/6 4492/4/6 4497/4/6
f 4497/4/6 4492/4/6 4498/4/6
f 4493/4/6 4494/4/6 4499/4/6
f 4499/4/6 4494/4/6 4500/4/6
f 4495/4/6 4496/4/6 4501/4/6
f 4499/4/6 4500/4/6 4502/4/6
f 4500/4/6 4501/4/6 4502/4/6
f 4497/4/6 4498/4/6 4502/4/6
f 4498/4/6 4499/4/6 4502/4/6
f 4501/4/6 4496/4/6 4503/4/6
f 4502/4/6 4501/4/6 4503/4/6
f 4503/4/6 4496/4/6 4504/4/6
f 4504/4/6 4496/4/6 4505/4/6
f 4502/4/6 4503/4/6 4506/4/6
f 4504/4/6 4505/4/6 4507/4/6
f 4507/4/6 4505/4/6 4508/4/6
f 4502/4/6 4506/4/6 4509/4/6
f 4506/4/6 4507/4/6 4509/4/6
f 4507/4/6 4508/4/6 4509/4/6
f 4509/4/6 4508/4/6 4510/4/6
f 4510/4/6 4508/4/6 4511/4/6
f 4511/4/6 4508/4/6 4512/4/6
f 4512/4/6 4508/4/6 4513/4/6
f 4510/4/6 4511/4/6 4514/4/6
f 4512/4/6 4513/4/6 4515/4/6
f 4515/4/6 4513/4/6 4516/4/6
f 4510/4/6 4514/4/6 4517/4/6
f 4514/4/6 4515/4/6 4517/4/6
f 4515/4/6 4516/4/6 4517/4/6
f 4517/4/6 4516/4/6 4518/4/6
f 4518/4/6 4516/4/6 4519/4/6
f 4517/4/6 4518/4/6 4520/4/6
f 4520/4/6 4518/4/6 4521/4/6
f 4519/4/6 4516/4/6 4522/4/6
f 4522/4/6 4516/4/6 4523/4/6
f 4520/4/6 4521/4/6 4524/4/6
f 4521/4/6 4522/4/6 4524/4/6
f 4522/4/6 4523/4/6 4524/4/6
f 4520/4/6 4524/4/6 4525/4/6
f 4525/4/6 4524/4/6 4526/4/6
f 4526/4/6 4524/4/6 4527/4/6
f 4525/4/6 4526/4/6 4528/4/6
f 4528/4/6 4526/4/6 4529/4/6
f 4529/4/6 4526/4/6 4530/4/6
f 4530/4/6 4526/4/6 4531/4/6
f 4527/4/6 4524/4/6 4532/4/6
f 4532/4/6 4524/4/6 4533/4/6
f 4528/4/6 4529/4/6 4534/4/6
f 4530/4/6 4531/4/6 4535/4/6
f 4532/4/6 4533/4/6 4535/4/6
f 4531/4/6 4532/4/6 4535/4/6
f 4535/4/6 4533/4/6 4536/4/6
f 4528/4/6 4534/4/6 4537/4/6
f 4534/4/6 4535/4/6 4537/4/6
f 4535/4/6 4536/4/6 4537/4/6
f 4537/4/6 4536/4/6 4538/4/6
f 4538/4/6 4536/4/6 4539/4/6
f 4539/4/6 4536/4/6 4540/4/6
f 4540/4/6 4536/4/6 4541/4/6
f 4538/4/6 4539/4/6 4542/4/6
f 4540/4/6 4541/4/6 4543/4/6
f 4543/4/6 4541/4/6 4544/4/6
f 4538/4/6 4542/4/6 4545/4/6
f 4542/4/6 4543/4/6 4545/4/6
f 4543/4/6 4544/4/6 4545/4/6
f 4545/4/6 4544/4/6 4546/4/6
f 4546/4/6 4544/4/6 4547/4/6
f 4545/4/6 4546/4/6 4548/4/6
f 4548/4/6 4546/4/6 4549/4/6
f 4547/4/6 4544/4/6 4550/4/6
f 4550/4/6 4544/4/6 4551/4/6
f 4551/4/6 4544/4/6 4552/4/6
f 4552/4/6 4544/4/6 4553/4/6
f 4548/4/6 4549/4/6 4554/4/6
f 4549/4/6 4550/4/6 4554/4/6
f 4550/4/6 4551/4/6 4554/4/6
f 4554/4/6 4551/4/6 4555/4/6
f 4555/4/6 4551/4/6 4556/4/6
f 4552/4/6 4553/4/6 4557/4/6
f 4557/4/6 4553/4/6 4558/4/6
f 4548/4/6 4554/4/6 4559/4/6
f 4559/4/6 4554/4/6 4560/4/6
f 4555/4/6 4556/4/6 4561/4/6
f 4557/4/6 4558/4/6 4561/4/6
f 4556/4/6 4557/4/6 4561/4/6
f 4561/4/6 4558/4/6 4562/4/6
f 4559/4/6 4560/4/6 4563/4/6
f 4560/4/6 4561/4/6 4563/4/6
f 4561/4/6 4562/4/6 4563/4/6
f 4563/4/6 4562/4/6 4564/4/6
f 4563/4/6 4564/4/6 4565/4/6
f 4565/4/6 4564/4/6 4566/4/6
f 4566/4/6 4564/4/6 4567/4/6
f 4567/4/6 4564/4/6 4568/4/6
f 4568/4/6 4564/4/6 4569/4/6
f 4569/4/6 4564/4/6 4570/4/6
f 4570/4/6 4564/4/6 4571/4/6
f 4571/4/6 4564/4/6 4572/4/6
f 4572/4/6 4564/4/6 4573/4/6
f 4573/4/6 4564/4/6 4574/4/6
f 4574/4/6 4564/4/6 4575/4/6
f 4575/4/6 4564/4/6 4576/4/6
f 4576/4/6 4564/4/6 4577/4/6
f 4577/4/6 4564/4/6 4578/4/6
f 4579/3/6 4580/3/6 4593/3/6
f 4593/3/6 4580/3/6 4594/3/6
f 4594/3/6 4580/3/6 4595/3/6
f 4581/3/6 4582/3/6 4596/3/6
f 4596/3/6 4582/3/6 4597/3/6
f 4583/3/6 4584/3/6 4598/3/6
f 4598/3/6 4584/3/6 4599/3/6
f 4585/3/6 4586/3/6 4600/3/6
f 4600/3/6 4586/3/6 4601/3/6
f 4587/3/6 4588/3/6 4602/3/6
f 4602/3/6 4588/3/6 4603/3/6
f 4589/3/6 4590/3/6 4604/3/6
f 4604/3/6 4590/3/6 4605/3/6
f 4591/3/6 4592/3/6 4606/3/6
f 4606/3/6 4592/3/6 4609/3/6
f 4609/3/6 4592/3/6 4610/3/6
f 4607/3/6 4608/3/6 4613/3/6
f 4613/3/6 4608/3/6 4614/3/6
f 4611/3/6 4612/3/6 4619/3/6
f 4619/3/6 4612/3/6 4620/3/6
f 4617/5/6 4618/5/6 4623/5/6
f 4623/5/6 4618/5/6 4624/5/6
f 4615/3/6 4616/3/6 4627/3/6
f 4627/3/6 4616/3/6 4628/3/6
f 4621/5/6 4622/5/6 4629/5/6
f 4629/5/6 4622/5/6 4630/5/6
f 4625/3/6 4626/3/6 4633/3/6
f 4633/3/6 4626/3/6 4634/3/6
f 4631/3/6 4632/3/6 4637/3/6
f 4637/3/6 4632/3/6 4638/3/6
f 4635/3/6 4636/3/6 4643/3/6
f 4643/3/6 4636/3/6 4644/3/6
f 4641/5/6 4642/5/6 4645/5/6
f 4645/5/6 4642/5/6 4646/5/6
f 4639/3/6 4640/3/6 4649/3/6
f 4649/3/6 4640/3/6 4650/3/6
f 4647/3/6 4648/3/6 4655/3/6
f 4655/3/6 4648/3/6 4656/3/6
f 4653/5/6 4654/5/6 4657/5/6
f 4657/5/6 4654/5/6 4658/5/6
f 4651/3/6 4652/3/6 4661/3/6
f 4661/3/6 4652/3/6 4662/3/6
f 4663/5/6 4664/5/6 4669/5/6
f 4669/5/6 4664/5/6 4670/5/6
f 4659/3/6 4660/3/6 4671/3/6
f 4671/3/6 4660/3/6 4672/3/6
f 4667/5/6 4668/5/6 4673/5/6
f 4673/5/6 4668/5/6 4674/5/6
f 4665/3/6 4666/3/6 4677/3/6
f 4677/3/6 4666/3/6 4678/3/6
f 4675/3/6 4676/3/6 4683/3/6
f 4683/3/6 4676/3/6 4684/3/6
f 4681/5/6 4682/5/6 4685/5/6
f 4685/5/6 4682/5/6 4686/5/6
f 4679/3/6 4680/3/6 4689/3/6
f 4689/3/6 4680/3/6 4690/3/6
f 4687/3/6 4688/3/6 4693/3/6
f 4693/3/6 4688/3/6 4694/3/6
f 4691/3/6 4692/3/6 4701/3/6
f 4701/3/6 4692/3/6 4702/3/6
f 4695/5/6 4696/5/6 4703/5/6
f 4703/5/6 4696/5/6 4704/5/6
f 4697/5/6 4698/5/6 4705/5/6
f 4705/5/6 4698/5/6 4706/5/6
f 4699/3/6 4700/3/6 4709/3/6
f 4709/3/6 4700/3/6 4710/3/6
f 4707/3/6 4708/3/6 4713/3/6
f 4713/3/6 4708/3/6 4714/3/6
f 4711/3/6 4712/3/6 4719/3/6
f 4719/3/6 4712/3/6 4720/3/6
f 4717/5/6 4718/5/6 4721/5/6
f 4721/5/6 4718/5/6 4722/5/6
f 4715/3/6 4716/3/6 4725/3/6
f 4725/3/6 4716/3/6 4726/3/6
f 4723/3/6 4724/3/6 4729/3/6
f 4729/3/6 4724/3/6 4730/3/6
f 4727/3/6 4728/3/6 4733/3/6
f 4733/3/6 4728/3/6 4734/3/6
f 4735/5/6 4736/5/6 4739/5/6
f 4739/5/6 4736/5/6 4740/5/6
f 4731/3/6 4732/3/6 4743/3/6
f 4743/3/6 4732/3/6 4744/3/6
f 4741/5/6 4742/5/6 4745/5/6
f 4745/5/6 4742/5/6 4746/5/6
f 4737/3/6 4738/3/6 4749/3/6
f 4749/3/6 4738/3/6 4750/3/6
f 4747/3/6 4748/3/6 4751/3/6
f 4751/3/6 4748/3/6 4752/3/6
f 4753/3/6 4754/3/6 4757/3/6
f 4755/3/6 4756/3/6 4770/3/6
f 4753/3/6 4757/3/6 4771/3/6
f 4757/3/6 4758/3/6 4771/3/6
f 4771/3/6 4758/3/6 4772/3/6
f 4759/3/6 4760/3/6 4773/3/6
f 4773/3/6 4760/3/6 4774/3/6
f 4761/3/6 4762/3/6 4775/3/6
f 4775/3/6 4762/3/6 4776/3/6
f 4763/3/6 4764/3/6 4777/3/6
f 4777/3/6 4764/3/6 4778/3/6
f 4765/3/6 4766/3/6 4779/3/6
f 4779/3/6 4766/3/6 4780/3/6
f 4767/3/6 4768/3/6 4781/3/6
f 4781/3/6 4768/3/6 4782/3/6
f 4769/3/6 4770/3/6 4783/3/6
f 4770/3/6 4756/3/6 4784/3/6
f 4783/3/6 4770/3/6 4784/3/6
f 4785/3/6 4786/3/6 4793/3/6
f 4793/3/6 4786/3/6 4794/3/6
f 4787/3/6 4788/3/6 4795/3/6
f 4795/3/6 4788/3/6 4796/3/6
f 4789/3/6 4790/3/6 4797/3/6
f 4797/3/6 4790/3/6 4798/3/6
f 4791/3/6 4792/3/6 4799/3/6
f 4799/3/6 4792/3/6 4800/3/6
f 4801/5/6 4802/5/6 4803/5/6
f 4803/5/6 4802/5/6 4804/5/6
f 4805/5/6 4806/5/6 4811/5/6
f 4811/5/6 4806/5/6 4812/5/6
f 4807/5/6 4808/5/6 4813/5/6
f 4813/5/6 4808/5/6 4814/5/6
f 4809/3/6 4810/3/6 4815/3/6
f 4815/3/6 4810/3/6 4816/3/6
f 4817/3/6 4818/3/6 4819/3/6
f 4819/3/6 4818/3/6 4820/3/6
f 4821/3/6 4822/3/6 4823/3/6
f 4823/3/6 4822/3/6 4824/3/6
f 4825/3/6 4826/3/6 4827/3/6
f 4827/3/6 4826/3/6 4828/3/6
f 4829/5/6 4830/5/6 4833/5/6
f 4833/5/6 4830/5/6 4834/5/6
f 4831/3/6 4832/3/6 4835/3/6
f 4835/3/6 4832/3/6 4836/3/6
f 4837/3/6 4838/3/6 4839/3/6
f 4839/3/6 4838/3/6 4840/3/6
f 4841/3/6 4842/3/6 4843/3/6
f 4843/3/6 4842/3/6 4844/3/6
f 4845/3/6 4846/3/6 4847/3/6
f 4847/3/6 4846/3/6 4848/3/6
f 4849/5/6 4850/5/6 4851/5/6
f 4851/5/6 4850/5/6 4852/5/6
f 4853/5/6 4854/5/6 4857/5/6
f 4857/5/6 4854/5/6 4858/5/6
f 4855/3/6 4856/3/6 4859/3/6
f 4859/3/6 4856/3/6 4860/3/6
f 4861/3/6 4862/3/6 4863/3/6
f 4863/3/6 4862/3/6 4864/3/6
f 4865/3/6 4866/3/6 4867/3/6
f 4867/3/6 4866/3/6 4868/3/6
f 4869/3/6 4870/3/6 4871/3/6
f 4871/3/6 4870/3/6 4872/3/6
f 4873/3/6 4874/3/6 4879/3/6
f 4879/3/6 4874/3/6 4880/3/6
f 4875/3/6 4876/3/6 4881/3/6
f 4881/3/6 4876/3/6 4882/3/6
f 4877/3/6 4878/3/6 4883/3/6
f 4883/3/6 4878/3/6 4884/3/6
f 4885/3/6 4886/3/6 4891/3/6
f 4891/3/6 4886/3/6 4892/3/6
f 4887/3/6 4888/3/6 4893/3/6
f 4893/3/6 4888/3/6 4894/3/6
f 4889/3/6 4890/3/6 4895/3/6
f 4895/3/6 4890/3/6 4896/3/6
f 4897/3/6 4898/3/6 4899/3/6
f 4899/3/6 4898/3/6 4900/3/6
f 4901/3/6 4902/3/6 4903/3/6
f 4903/3/6 4902/3/6 4904/3/6
f 4905/2/6 4906/2/6 4908/2/6
f 4908/2/6 4906/2/6 4909/2/6
f 4907/2/6 4908/2/6 4911/2/6
f 4909/2/6 4910/2/6 4911/2/6
f 4908/2/6 4909/2/6 4911/2/6
f 4911/2/6 4910/2/6 4912/2/6
f 4912/2/6 4910/2/6 4913/2/6
f 4913/2/6 4910/2/6 4914/2/6
f 4912/2/6 4913/2/6 4915/2/6
f 4915/2/6 4913/2/6 4916/2/6
f 4917/3/6 4918/3/6 4921/3/6
f 4921/3/6 4918/3/6 4922/3/6
f 4919/1/6 4920/1/6 4926/1/6
f 4926/1/6 4920/1/6 4927/1/6
f 4923/3/6 4924/3/6 4929/3/6
f 4929/3/6 4924/3/6 4930/3/6
f 4927/1/6 4928/1/6 4931/1/6
f 4925/1/6 4926/1/6 4931/1/6
f 4926/1/6 4927/1/6 4931/1/6
f 4931/1/6 4928/1/6 4932/1/6
f 4932/1/6 4928/1/6 4933/1/6
f 4933/1/6 4928/1/6 4934/1/6
f 4932/1/6 4933/1/6 4935/1/6
f 4935/1/6 4933/1/6 4936/1/6
f 4937/2/6 4938/2/6 4940/2/6
f 4940/2/6 4938/2/6 4941/2/6
f 4939/2/6 4940/2/6 4943/2/6
f 4941/2/6 4942/2/6 4943/2/6
f 4940/2/6 4941/2/6 4943/2/6
f 4943/2/6 4942/2/6 4944/2/6
f 4944/2/6 4942/2/6 4945/2/6
f 4945/2/6 4942/2/6 4946/2/6
f 4944/2/6 4945/2/6 4951/2/6
f 4951/2/6 4945/2/6 4952/2/6
f 4947/3/6 4948/3/6 4953/3/6
f 4953/3/6 4948/3/6 4954/3/6
f 4949/6/6 4950/6/6 4958/6/6
f 4958/6/6 4950/6/6 4959/6/6
f 4955/3/6 4956/3/6 4961/3/6
f 4961/3/6 4956/3/6 4962/3/6
f 4959/6/6 4960/6/6 4963/6/6
f 4957/6/6 4958/6/6 4963/6/6
f 4958/6/6 4959/6/6 4963/6/6
f 4963/6/6 4960/6/6 4964/6/6
f 4964/6/6 4960/6/6 4965/6/6
f 4965/6/6 4960/6/6 4966/6/6
f 4964/6/6 4965/6/6 4967/6/6
f 4967/6/6 4965/6/6 4968/6/6
f 4969/5/6 4970/5/6 4975/5/6
f 4975/5/6 4970/5/6 4976/5/6
f 4971/5/6 4972/5/6 4977/5/6
f 4977/5/6 4972/5/6 4978/5/6
f 4973/1/6 4974/1/6 4980/1/6
f 4980/1/6 4974/1/6 4981/1/6
f 4981/1/6 4982/1/6 4985/1/6
f 4980/1/6 4981/1/6 4985/1/6
f 4979/1/6 4980/1/6 4985/1/6
f 4985/1/6 4982/1/6 4986/1/6
f 4986/1/6 4982/1/6 4987/1/6
f 4987/1/6 4982/1/6 4988/1/6
f 4983/3/6 4984/3/6 4989/3/6
f 4989/3/6 4984/3/6 4990/3/6
f 4986/1/6 4987/1/6 4995/1/6
f 4995/1/6 4987/1/6 4996/1/6
f 4991/3/6 4992/3/6 4997/3/6
f 4997/3/6 4992/3/6 4998/3/6
f 4993/6/6 4994/6/6 5000/6/6
f 5000/6/6 4994/6/6 5001/6/6
f 5001/6/6 5002/6/6 5005/6/6
f 4999/6/6 5000/6/6 5005/6/6
f 5000/6/6 5001/6/6 5005/6/6
f 5005/6/6 5002/6/6 5006/6/6
f 5006/6/6 5002/6/6 5007/6/6
f 5007/6/6 5002/6/6 5008/6/6
f 5003/2/6 5004/2/6 5010/2/6
f 5010/2/6 5004/2/6 5011/2/6
f 5006/6/6 5007/6/6 5013/6/6
f 5013/6/6 5007/6/6 5014/6/6
f 5011/2/6 5012/2/6 5015/2/6
f 5009/2/6 5010/2/6 5015/2/6
f 5010/2/6 5011/2/6 5015/2/6
f 5015/2/6 5012/2/6 5016/2/6
f 5016/2/6 5012/2/6 5017/2/6
f 5017/2/6 5012/2/6 5018/2/6
f 5016/2/6 5017/2/6 5021/2/6
f 5021/2/6 5017/2/6 5022/2/6
f 5019/3/6 5020/3/6 5023/3/6
f 5023/3/6 5020/3/6 5024/3/6
f 5025/3/6 5026/3/6 5027/3/6
f 5027/3/6 5026/3/6 5028/3/6
f 5029/5/6 5030/5/6 5031/5/6
f 5031/5/6 5030/5/6 5032/5/6
f 5033/2/6 5034/2/6 5036/2/6
f 5036/2/6 5034/2/6 5037/2/6
f 5037/2/6 5038/2/6 5043/2/6
f 5035/2/6 5036/2/6 5043/2/6
f 5036/2/6 5037/2/6 5043/2/6
f 5043/2/6 5038/2/6 5044/2/6
f 5044/2/6 5038/2/6 5045/2/6
f 5045/2/6 5038/2/6 5046/2/6
f 5039/3/6 5040/3/6 5047/3/6
f 5047/3/6 5040/3/6 5048/3/6
f 5041/6/6 5042/6/6 5052/6/6
f 5052/6/6 5042/6/6 5053/6/6
f 5044/2/6 5045/2/6 5055/2/6
f 5055/2/6 5045/2/6 5056/2/6
f 5049/3/6 5050/3/6 5059/3/6
f 5059/3/6 5050/3/6 5060/3/6
f 5053/6/6 5054/6/6 5061/6/6
f 5051/6/6 5052/6/6 5061/6/6
f 5052/6/6 5053/6/6 5061/6/6
f 5061/6/6 5054/6/6 5062/6/6
f 5062/6/6 5054/6/6 5063/6/6
f 5063/6/6 5054/6/6 5064/6/6
f 5057/2/6 5058/2/6 5066/2/6
f 5066/2/6 5058/2/6 5067/2/6
f 5062/6/6 5063/6/6 5069/6/6
f 5069/6/6 5063/6/6 5070/6/6
f 5067/2/6 5068/2/6 5073/2/6
f 5066/2/6 5067/2/6 5073/2/6
f 5065/2/6 5066/2/6 5073/2/6
f 5073/2/6 5068/2/6 5074/2/6
f 5074/2/6 5068/2/6 5075/2/6
f 5075/2/6 5068/2/6 5076/2/6
f 5071/5/6 5072/5/6 5077/5/6
f 5077/5/6 5072/5/6 5078/5/6
f 5074/2/6 5075/2/6 5079/2/6
f 5079/2/6 5075/2/6 5080/2/6
f 5081/3/6 5082/3/6 5083/3/6
f 5083/3/6 5082/3/6 5084/3/6
f 5085/3/6 5086/3/6 5091/3/6
f 5091/3/6 5086/3/6 5092/3/6
f 5087/3/6 5088/3/6 5093/3/6
f 5093/3/6 5088/3/6 5094/3/6
f 5089/3/6 5090/3/6 5095/3/6
f 5095/3/6 5090/3/6 5096/3/6
f 5097/1/6 5098/1/6 5102/1/6
f 5102/1/6 5098/1/6 5103/1/6
f 5099/5/6 5100/5/6 5105/5/6
f 5105/5/6 5100/5/6 5106/5/6
f 5103/1/6 5104/1/6 5107/1/6
f 5101/1/6 5102/1/6 5107/1/6
f 5102/1/6 5103/1/6 5107/1/6
f 5107/1/6 5104/1/6 5108/1/6
f 5108/1/6 5104/1/6 5109/1/6
f 5109/1/6 5104/1/6 5110/1/6
f 5108/1/6 5109/1/6 5111/1/6
f 5111/1/6 5109/1/6 5112/1/6
f 5113/2/6 5114/2/6 5118/2/6
f 5118/2/6 5114/2/6 5119/2/6
f 5115/5/6 5116/5/6 5121/5/6
f 5121/5/6 5116/5/6 5122/5/6
f 5119/2/6 5120/2/6 5123/2/6
f 5117/2/6 5118/2/6 5123/2/6
f 5118/2/6 5119/2/6 5123/2/6
f 5123/2/6 5120/2/6 5124/2/6
f 5124/2/6 5120/2/6 5125/2/6
f 5125/2/6 5120/2/6 5126/2/6
f 5124/2/6 5125/2/6 5127/2/6
f 5127/2/6 5125/2/6 5128/2/6
f 5129/2/6 5130/2/6 5134/2/6
f 5134/2/6 5130/2/6 5135/2/6
f 5131/1/6 5132/1/6 5138/1/6
f 5138/1/6 5132/1/6 5139/1/6
f 5135/2/6 5136/2/6 5141/2/6
f 5133/2/6 5134/2/6 5141/2/6
f 5134/2/6 5135/2/6 5141/2/6
f 5141/2/6 5136/2/6 5142/2/6
f 5142/2/6 5136/2/6 5143/2/6
f 5143/2/6 5136/2/6 5144/2/6
f 5139/1/6 5140/1/6 5145/1/6
f 5138/1/6 5139/1/6 5145/1/6
f 5137/1/6 5138/1/6 5145/1/6
f 5145/1/6 5140/1/6 5146/1/6
f 5146/1/6 5140/1/6 5147/1/6
f 5147/1/6 5140/1/6 5148/1/6
f 5142/2/6 5143/2/6 5149/2/6
f 5149/2/6 5143/2/6 5150/2/6
f 5146/1/6 5147/1/6 5151/1/6
f 5151/1/6 5147/1/6 5152/1/6
f 5153/5/6 5154/5/6 5155/5/6
f 5155/5/6 5154/5/6 5156/5/6
f 5157/5/6 5158/5/6 5159/5/6
f 5159/5/6 5158/5/6 5160/5/6
f 5161/6/6 5162/6/6 5164/6/6
f 5164/6/6 5162/6/6 5165/6/6
f 5163/6/6 5164/6/6 5167/6/6
f 5165/6/6 5166/6/6 5167/6/6
f 5164/6/6 5165/6/6 5167/6/6
f 5167/6/6 5166/6/6 5168/6/6
f 5168/6/6 5166/6/6 5169/6/6
f 5169/6/6 5166/6/6 5170/6/6
f 5168/6/6 5169/6/6 5171/6/6
f 5171/6/6 5169/6/6 5172/6/6
f 5173/2/6 5174/2/6 5176/2/6
f 5176/2/6 5174/2/6 5177/2/6
f 5175/2/6 5176/2/6 5179/2/6
f 5177/2/6 5178/2/6 5179/2/6
f 5176/2/6 5177/2/6 5179/2/6
f 5179/2/6 5178/2/6 5180/2/6
f 5180/2/6 5178/2/6 5181/2/6
f 5181/2/6 5178/2/6 5182/2/6
f 5180/2/6 5181/2/6 5183/2/6
f 5183/2/6 5181/2/6 5184/2/6
f 5185/1/6 5186/1/6 5188/1/6
f 5188/1/6 5186/1/6 5189/1/6
f 5187/1/6 5188/1/6 5191/1/6
f 5189/1/6 5190/1/6 5191/1/6
f 5188/1/6 5189/1/6 5191/1/6
f 5191/1/6 5190/1/6 5192/1/6
f 5192/1/6 5190/1/6 5193/1/6
f 5193/1/6 5190/1/6 5194/1/6
f 5192/1/6 5193/1/6 5195/1/6
f 5195/1/6 5193/1/6 5196/1/6
